transaction_id,partner_batch_id,account_id,transaction_date,posted_date,transaction_type,amount,currency,status,merchant_name,related_transaction_id,source_system
TXN-00001195,BATCH-2026-08-17,ACCT-000208,2026-08-17,2026-08-18,purchase,9.89,USD,completed,Stark Utilities,,POS-EAST
TXN-00000350,BATCH-2026-08-17,ACCT-000509,2026-08-17,2026-08-19,purchase,34.18,USD,completed,Hooli Cloud,,ONLINE-CHECKOUT
TXN-00000404,BATCH-2026-08-17,ACCT-002128,2026-08-16,2026-08-16,purchase,12.23,USD,completed,Fabrikam Supply,,ONLINE-CHECKOUT
TXN-00001154,BATCH-2026-08-17,ACCT-000808,2026-08-17,2026-08-18,purchase,48.22,USD,completed,Acme Wholesale,,POS-EAST
TXN-00001724,BATCH-2026-08-17,ACCT-003781,2026-08-16,2026-08-16,purchase,42.13,USD,completed,Umbrella Logistics,,ACH-BATCH
TXN-00001208,BATCH-2026-08-17,ACCT-002585,2026-08-17,2026-08-18,transfer,68.11,CAD,completed,Acme Wholesale,,ACH-BATCH
TXN-00001298,BATCH-2026-08-17,ACCT-001632,2026-08-16,2026-08-16,purchase,11.07,CAD,completed,Initech Services,,POS-EAST
TXN-00001966,BATCH-2026-08-17,ACCT-000306,2026-08-17,2026-08-19,purchase,8.41,USD,completed,Umbrella Logistics,,ACH-BATCH
TXN-00001932,BATCH-2026-08-17,ACCT-001590,2026-08-17,2026-08-19,purchase,41.02,USD,completed,Stark Utilities,,POS-EAST
TXN-00001733,BATCH-2026-08-17,ACCT-001117,2026-08-17,2026-08-17,purchase,31.47,CAD,completed,Northwind Traders,,POS-WEST
TXN-00001810,BATCH-2026-08-17,ACCT-003356,2026-08-16,2026-08-16,purchase,48.72,CAD,completed,Pied Piper Software,,ONLINE-CHECKOUT
TXN-00000786,BATCH-2026-08-17,ACCT-001218,2026-08-17,2026-08-19,purchase,43.38,CAD,completed,Pied Piper Software,,ACH-BATCH
TXN-00001471,BATCH-2026-08-17,ACCT-003576,2026-08-16,2026-08-16,refund,-5.83,USD,completed,Wonka Confections,TXN-00000803,ACH-BATCH
TXN-00001999,BATCH-2026-08-17,,2026-08-17,2026-08-17,refund,-13.98,USD,completed,Globex Corp,TXN-00001526,POS-EAST
TXN-00000671,BATCH-2026-08-17,ACCT-003026,2026-08-16,2026-08-17,transfer,0.00,USD,completed,Pied Piper Software,,ACH-BATCH
TXN-00000200,BATCH-2026-08-17,ACCT-004609,2026-08-16,2026-08-18,purchase,17.45,USD,completed,Globex Corp,,POS-WEST
TXN-00000979,BATCH-2026-08-17,ACCT-003408,2026-08-17,2026-08-17,purchase,15.99,USD,completed,Contoso Retail,,ACH-BATCH
TXN-00001763,BATCH-2026-08-17,ACCT-000924,2026-08-17,2026-08-18,purchase,31.23,USD,completed,Initech Services,,ACH-BATCH
TXN-00000936,BATCH-2026-08-17,ACCT-004196,2026-08-17,2026-08-18,transfer,31.66,USD,completed,Umbrella Logistics,,POS-WEST
TXN-00000083,BATCH-2026-08-17,ACCT-000824,2026-08-17,2026-08-18,purchase,21.91,USD,completed,Stark Utilities,,POS-WEST
TXN-00001345,BATCH-2026-08-17,ACCT-004077,2026-08-16,2026-08-16,transfer,50.85,USD,completed,Stark Utilities,,ACH-BATCH
TXN-00000361,BATCH-2026-08-17,ACCT-003314,2026-08-17,2026-08-19,purchase,18.92,USD,completed,Wayne Hardware,,ONLINE-CHECKOUT
TXN-00001958,BATCH-2026-08-17,ACCT-001409,2026-08-16,2026-08-17,transfer,45.73,EUR,completed,Northwind Traders,,ONLINE-CHECKOUT
TXN-00001984,BATCH-2026-08-17,ACCT-003315,2026-08-17,2026-08-17,transfer,47.86,USD,completed,Stark Utilities,,POS-EAST
TXN-00001151,BATCH-2026-08-17,ACCT-004052,2026-08-16,2026-08-16,transfer,36.52,USD,completed,Hooli Cloud,,ACH-BATCH
TXN-00000884,BATCH-2026-08-17,ACCT-004915,2026-08-17,2026-08-17,purchase,8.52,USD,pending,Umbrella Logistics,,ONLINE-CHECKOUT
TXN-00000831,BATCH-2026-08-17,ACCT-000423,2026-08-17,2026-08-17,purchase,16.51,USD,completed,Pied Piper Software,,POS-WEST
TXN-00000705,BATCH-2026-08-17,ACCT-004204,2026-08-16,2026-08-16,purchase,6.15,USD,completed,Pied Piper Software,,ONLINE-CHECKOUT
TXN-00001254,BATCH-2026-08-17,ACCT-000446,2026-08-17,2026-08-18,purchase,52.88,USD,completed,Pied Piper Software,,POS-WEST
TXN-00001182,BATCH-2026-08-17,ACCT-002506,2026-08-16,2026-08-16,purchase,31.26,USD,completed,Stark Utilities,,ONLINE-CHECKOUT
TXN-00000337,BATCH-2026-08-17,ACCT-002279,2026-08-16,2026-08-17,purchase,24.12,USD,pending,Northwind Traders,,POS-WEST
TXN-00000376,BATCH-2026-08-17,ACCT-001425,2026-08-16,2026-08-17,fee,11.00,USD,completed,Wayne Hardware,,ACH-BATCH
TXN-00001320,BATCH-2026-08-17,ACCT-001146,2026-08-17,2026-08-17,purchase,43.76,USD,completed,Pied Piper Software,,ONLINE-CHECKOUT
TXN-00001187,BATCH-2026-08-17,ACCT-003353,2026-08-16,2026-08-17,purchase,381.63,USD,completed,Hooli Cloud,,POS-EAST
TXN-00001804,BATCH-2026-08-17,ACCT-001427,2026-08-17,2026-08-18,purchase,28.09,USD,completed,Stark Utilities,,ACH-BATCH
TXN-00001351,BATCH-2026-08-17,ACCT-001892,2026-08-17,2026-08-17,purchase,125.74,USD,completed,Umbrella Logistics,,POS-WEST
TXN-00000708,BATCH-2026-08-17,ACCT-002750,2026-08-16,2026-08-16,purchase,13.22,USD,completed,Acme Wholesale,,ONLINE-CHECKOUT
TXN-00001143,BATCH-2026-08-17,ACCT-004349,2026-08-17,2026-08-18,purchase,18.62,USD,completed,Fabrikam Supply,,ONLINE-CHECKOUT
TXN-00001435,BATCH-2026-08-17,ACCT-001017,2026-08-17,2026-08-17,refund,-7.01,USD,completed,Northwind Traders,TXN-00001180,POS-EAST
TXN-00001730,BATCH-2026-08-17,ACCT-002299,2026-08-16,2026-08-17,purchase,101.81,EUR,completed,Wayne Hardware,,POS-EAST
TXN-00001593,BATCH-2026-08-17,ACCT-004504,2026-08-17,2026-08-17,purchase,4.53,USD,completed,Stark Utilities,,POS-EAST
TXN-00001965,BATCH-2026-08-17,ACCT-000712,2026-08-17,2026-08-17,purchase,13.71,USD,completed,Acme Wholesale,,POS-WEST
TXN-00001343,BATCH-2026-08-17,ACCT-002726,2026-08-17,2026-08-17,purchase,39.62,USD,completed,Hooli Cloud,,ONLINE-CHECKOUT
TXN-00000596,BATCH-2026-08-17,ACCT-000270,2026-08-17,2026-08-17,adjustment,15.50,USD,completed,Fabrikam Supply,,ONLINE-CHECKOUT
TXN-00001034,BATCH-2026-08-17,ACCT-002073,2026-08-16,2026-08-16,transfer,12.60,USD,completed,Initech Services,,POS-EAST
TXN-00001908,BATCH-2026-08-17,ACCT-004409,2026-08-16,2026-08-17,purchase,68.45,EUR,completed,Globex Corp,,POS-WEST
TXN-00000171,BATCH-2026-08-17,ACCT-004572,2026-08-16,2026-08-17,purchase,13.06,CAD,completed,Initech Services,,POS-WEST
TXN-00000852,BATCH-2026-08-17,ACCT-004540,2026-08-17,2026-08-17,purchase,230.36,USD,completed,Hooli Cloud,,ONLINE-CHECKOUT
TXN-00001005,BATCH-2026-08-17,ACCT-003266,2026-08-16,2026-08-16,transfer,15.45,USD,completed,Initech Services,,POS-EAST
TXN-00001945,BATCH-2026-08-17,ACCT-001889,2026-08-16,2026-08-16,purchase,35.97,CAD,completed,Contoso Retail,,POS-WEST
TXN-00001990,BATCH-2026-08-17,ACCT-000984,2026-08-17,2026-08-18,adjustment,30.63,USD,completed,Wonka Confections,,POS-WEST
TXN-00001896,BATCH-2026-08-17,ACCT-000860,2026-08-16,2026-08-17,refund,-26.81,USD,completed,Pied Piper Software,TXN-00000173,ACH-BATCH
TXN-00001670,BATCH-2026-08-17,ACCT-001530,2026-08-17,2026-08-18,purchase,13.13,USD,completed,Umbrella Logistics,,POS-EAST
TXN-00001137,BATCH-2026-08-17,ACCT-003251,2026-08-17,2026-08-19,refund,-48.40,USD,completed,Umbrella Logistics,TXN-00000002,POS-EAST
TXN-00000477,BATCH-2026-08-17,ACCT-002445,2026-08-17,2026-08-18,purchase,120.51,USD,completed,Umbrella Logistics,,POS-EAST
TXN-00000848,BATCH-2026-08-17,ACCT-000458,2026-08-17,2026-08-17,purchase,2.44,USD,completed,Hooli Cloud,,POS-WEST
TXN-00000259,BATCH-2026-08-17,ACCT-004724,2026-08-17,2026-08-18,purchase,-16.84,USD,completed,Pied Piper Software,,POS-EAST
TXN-00001761,BATCH-2026-08-17,ACCT-003567,2026-08-16,2026-08-17,transfer,135.47,USD,completed,Hooli Cloud,,POS-WEST
TXN-00001302,BATCH-2026-08-17,ACCT-003140,2026-08-17,2026-08-17,adjustment,-17.07,USD,completed,Globex Corp,,POS-EAST
TXN-00000759,BATCH-2026-08-17,ACCT-000232,2026-08-17,2026-08-17,purchase,67.97,USD,pending,Hooli Cloud,,POS-WEST
TXN-00001328,BATCH-2026-08-17,ACCT-001090,2026-08-16,2026-08-16,refund,-8.89,USD,completed,Globex Corp,TXN-00001002,ACH-BATCH
TXN-00001996,BATCH-2026-08-17,ACCT-004113,2026-08-17,2026-08-17,refund,-27.17,USD,completed,Northwind Traders,TXN-00001390,ACH-BATCH
TXN-00001926,BATCH-2026-08-17,ACCT-001977,2026-08-16,2026-08-16,purchase,65.01,USD,completed,Wonka Confections,,ONLINE-CHECKOUT
TXN-00000152,BATCH-2026-08-17,ACCT-004816,2026-08-16,2026-08-16,purchase,76.12,USD,completed,Fabrikam Supply,,POS-WEST
TXN-00001859,BATCH-2026-08-17,ACCT-004647,2026-08-17,2026-08-17,purchase,23.62,EUR,completed,Fabrikam Supply,,POS-EAST
TXN-00000115,BATCH-2026-08-17,ACCT-003422,2026-08-17,2026-08-18,transfer,-32.27,USD,completed,Initech Services,,POS-EAST
TXN-00001125,BATCH-2026-08-17,ACCT-000133,2026-08-16,2026-08-16,purchase,31.34,USD,completed,Northwind Traders,,ACH-BATCH
TXN-00000076,BATCH-2026-08-17,ACCT-003869,2026-08-16,2026-08-16,purchase,2.95,CAD,completed,Globex Corp,,ACH-BATCH
TXN-00001547,BATCH-2026-08-17,ACCT-001474,2026-08-16,2026-08-16,refund,-110.22,USD,completed,Globex Corp,TXN-00000457,ACH-BATCH
TXN-00001574,BATCH-2026-08-17,ACCT-003181,2026-08-17,2026-08-17,refund,-3.70,USD,completed,Northwind Traders,TXN-00000533,POS-EAST
TXN-00001626,BATCH-2026-08-17,ACCT-001498,2026-08-17,2026-08-17,purchase,20.08,USD,completed,Hooli Cloud,,POS-EAST
TXN-00000764,BATCH-2026-08-17,ACCT-001742,2026-08-17,2026-08-17,purchase,6.11,USD,completed,Fabrikam Supply,,POS-WEST
TXN-00000209,BATCH-2026-08-17,ACCT-003263,2026-08-16,2026-08-16,transfer,-14.46,USD,completed,Contoso Retail,,ONLINE-CHECKOUT
TXN-00000508,BATCH-2026-08-17,ACCT-003687,2026-08-16,2026-08-17,purchase,21.71,USD,unknown_status_2,Wayne Hardware,,ONLINE-CHECKOUT
TXN-00000098,BATCH-2026-08-17,ACCT-001909,2026-08-17,2026-08-18,purchase,30.03,USD,completed,Umbrella Logistics,,POS-WEST
TXN-00000256,BATCH-2026-08-17,ACCT-000542,2026-08-16,2026-08-16,purchase,12.85,USD,completed,Initech Services,,ACH-BATCH
TXN-00001461,BATCH-2026-08-17,ACCT-003512,2026-08-17,2026-08-17,purchase,48.80,USD,completed,Wayne Hardware,,POS-EAST
TXN-00000872,BATCH-2026-08-17,ACCT-002862,2026-08-16,2026-08-16,purchase,39.17,CAD,completed,Wayne Hardware,,ACH-BATCH
TXN-00001611,BATCH-2026-08-17,ACCT-004735,2026-08-17,2026-08-17,purchase,40.21,USD,completed,Fabrikam Supply,,POS-WEST
TXN-00000805,BATCH-2026-08-17,ACCT-004713,2026-08-17,2026-08-18,adjustment,10.38,USD,completed,Northwind Traders,,POS-EAST
TXN-00000736,BATCH-2026-08-17,ACCT-002071,2026-08-17,2026-08-19,transfer,45.18,USD,completed,Globex Corp,,POS-EAST
TXN-00000869,BATCH-2026-08-17,ACCT-001749,2026-08-16,2026-08-16,purchase,9.00,USD,completed,Umbrella Logistics,,POS-EAST
TXN-00001847,BATCH-2026-08-17,ACCT-000246,2026-08-17,2026-08-17,purchase,21.38,USD,completed,Northwind Traders,,POS-EAST
TXN-00000828,BATCH-2026-08-17,ACCT-003257,2026-08-17,2026-08-18,purchase,77.79,USD,completed,Stark Utilities,,POS-EAST
TXN-00000728,BATCH-2026-08-17,ACCT-003699,2026-08-16,2026-08-16,fee,6.03,USD,completed,Pied Piper Software,,ONLINE-CHECKOUT
TXN-00000801,BATCH-2026-08-17,ACCT-001399,2026-08-16,2026-08-16,purchase,122.03,USD,completed,Umbrella Logistics,,ACH-BATCH
TXN-00000576,BATCH-2026-08-17,ACCT-004713,2026-08-16,2026-08-18,purchase,53.73,CAD,completed,Northwind Traders,,ONLINE-CHECKOUT
TXN-00000992,BATCH-2026-08-17,ACCT-001174,2026-08-16,2026-08-16,purchase,11.73,USD,completed,Northwind Traders,,POS-WEST
TXN-00001866,BATCH-2026-08-17,ACCT-000416,2026-08-16,2026-08-16,purchase,14.96,EUR,reversed,Northwind Traders,,ONLINE-CHECKOUT
TXN-00000706,BATCH-2026-08-17,ACCT-000067,2026-08-17,2026-08-17,purchase,30.72,USD,completed,Wonka Confections,,POS-WEST
TXN-00000557,BATCH-2026-08-17,ACCT-003920,2026-08-17,2026-08-17,purchase,14.10,USD,completed,Hooli Cloud,,POS-WEST
TXN-00000568,BATCH-2026-08-17,ACCT-001599,2026-08-16,2026-08-16,purchase,12.38,USD,completed,Acme Wholesale,,POS-WEST
TXN-00001502,BATCH-2026-08-17,ACCT-002484,2026-08-16,2026-08-17,refund,-44.05,EUR,completed,Globex Corp,TXN-00001198,POS-WEST
TXN-00000305,BATCH-2026-08-17,ACCT-000473,2026-08-17,2026-08-17,purchase,50.64,CAD,completed,Globex Corp,,POS-EAST
TXN-00001293,BATCH-2026-08-17,ACCT-002510,2026-08-16,2026-08-18,purchase,28.69,CAD,completed,Globex Corp,,ONLINE-CHECKOUT
TXN-00000360,BATCH-2026-08-17,ACCT-000717,2026-08-16,2026-08-17,transfer,9.13,USD,completed,Contoso Retail,,POS-EAST
TXN-00001366,BATCH-2026-08-17,ACCT-002457,2026-08-16,2026-08-17,adjustment,77.72,EUR,completed,Wayne Hardware,,POS-EAST
TXN-00001944,BATCH-2026-08-17,ACCT-002012,2026-08-16,2026-08-17,purchase,14.03,USD,completed,Globex Corp,,POS-WEST
TXN-00001327,BATCH-2026-08-17,ACCT-002189,2026-08-16,2026-08-17,fee,17.56,USD,completed,Fabrikam Supply,,POS-WEST
TXN-00000297,BATCH-2026-08-17,ACCT-000986,2026-08-17,2026-08-17,purchase,50.49,CAD,completed,Stark Utilities,,POS-WEST
TXN-00000691,BATCH-2026-08-17,ACCT-001012,2026-08-17,2026-08-18,refund,-59.12,USD,completed,Umbrella Logistics,TXN-00000744,ACH-BATCH
TXN-00000709,BATCH-2026-08-17,ACCT-001887,2026-08-17,2026-08-17,purchase,147.67,USD,completed,Stark Utilities,,POS-WEST
TXN-00001746,BATCH-2026-08-17,ACCT-004568,2026-08-16,2026-08-18,purchase,40.91,USD,completed,Stark Utilities,,POS-WEST
TXN-00001158,BATCH-2026-08-17,ACCT-004410,2026-08-17,2026-08-18,refund,-56.07,USD,completed,Hooli Cloud,TXN-00000672,POS-WEST
TXN-00001539,BATCH-2026-08-17,ACCT-000403,2026-08-16,2026-08-18,purchase,8.55,USD,completed,Stark Utilities,,ACH-BATCH
TXN-00000897,BATCH-2026-08-17,ACCT-003517,2026-08-16,2026-08-17,purchase,39.78,USD,completed,Globex Corp,,ONLINE-CHECKOUT
TXN-00000188,BATCH-2026-08-17,ACCT-002849,2026-08-17,2026-08-18,purchase,42.19,USD,pending,Contoso Retail,,POS-WEST
TXN-00001702,BATCH-2026-08-17,ACCT-002804,2026-08-16,2026-08-18,adjustment,-16.63,USD,completed,Umbrella Logistics,,ACH-BATCH
TXN-00001241,BATCH-2026-08-17,ACCT-000090,2026-08-16,2026-08-16,purchase,12.94,CAD,completed,Initech Services,,ONLINE-CHECKOUT
TXN-00001356,BATCH-2026-08-17,ACCT-004443,2026-08-17,2026-08-17,purchase,43.62,USD,pending,Hooli Cloud,,POS-EAST
TXN-00001530,BATCH-2026-08-17,ACCT-001635,2026-08-17,2026-08-17,purchase,97.48,USD,completed,Wayne Hardware,,POS-WEST
TXN-00001792,BATCH-2026-08-17,ACCT-001033,2026-08-16,2026-08-16,adjustment,-73.11,CAD,completed,Contoso Retail,,ONLINE-CHECKOUT
TXN-00001703,BATCH-2026-08-17,ACCT-004483,2026-08-16,2026-08-16,purchase,12.73,USD,completed,Stark Utilities,,ONLINE-CHECKOUT
TXN-00001646,BATCH-2026-08-17,ACCT-004609,2026-08-17,2026-08-17,purchase,81.72,USD,completed,Wonka Confections,,ACH-BATCH
TXN-00001193,BATCH-2026-08-17,ACCT-001724,2026-08-17,2026-08-18,purchase,30.55,USD,completed,Hooli Cloud,,ONLINE-CHECKOUT
TXN-00000201,BATCH-2026-08-17,ACCT-004668,2026-08-16,2026-08-16,purchase,13.34,USD,completed,Globex Corp,,ACH-BATCH
TXN-00001841,BATCH-2026-08-17,ACCT-003955,2026-08-17,2026-08-18,purchase,31.04,USD,completed,Hooli Cloud,,ONLINE-CHECKOUT
TXN-00001243,BATCH-2026-08-17,ACCT-004969,2026-08-17,2026-08-19,purchase,22.54,USD,completed,Stark Utilities,,ONLINE-CHECKOUT
TXN-00001091,BATCH-2026-08-17,ACCT-004167,2026-08-16,2026-08-16,purchase,7.50,CAD,completed,Hooli Cloud,,ACH-BATCH
TXN-00001349,BATCH-2026-08-17,ACCT-004137,2026-08-16,2026-08-17,refund,4.48,USD,failed,Initech Services,TXN-00000837,ACH-BATCH
TXN-00001060,BATCH-2026-08-17,ACCT-004945,2026-08-17,2026-08-17,purchase,8.86,USD,completed,Stark Utilities,,ONLINE-CHECKOUT
TXN-00001049,BATCH-2026-08-17,ACCT-003058,2026-08-16,2026-08-17,refund,-23.24,USD,completed,Acme Wholesale,TXN-00000022,ONLINE-CHECKOUT
TXN-00000357,BATCH-2026-08-17,ACCT-001998,2026-08-16,2026-08-18,purchase,10.19,EUR,completed,Northwind Traders,,ONLINE-CHECKOUT
TXN-00001789,BATCH-2026-08-17,ACCT-003931,2026-08-16,2026-08-16,fee,30.44,CAD,completed,Hooli Cloud,,POS-EAST
TXN-00000128,BATCH-2026-08-17,ACCT-001946,2026-08-17,2026-08-18,purchase,8.10,USD,completed,Stark Utilities,,ONLINE-CHECKOUT
TXN-00000977,BATCH-2026-08-17,ACCT-004152,2026-08-17,2026-08-17,purchase,32.87,USD,completed,Stark Utilities,,ONLINE-CHECKOUT
TXN-00001809,BATCH-2026-08-17,ACCT-004540,2026-08-17,2026-08-18,purchase,6.82,USD,completed,Umbrella Logistics,,ACH-BATCH
TXN-00000813,BATCH-2026-08-17,ACCT-004395,2026-08-16,2026-08-16,purchase,3.52,USD,completed,Initech Services,,POS-EAST
TXN-00001185,BATCH-2026-08-17,ACCT-001668,2026-08-17,2026-08-17,purchase,34.94,USD,completed,Stark Utilities,,POS-WEST
TXN-00001367,BATCH-2026-08-17,ACCT-000821,2026-08-17,2026-08-18,purchase,131.29,USD,completed,Umbrella Logistics,,POS-EAST
TXN-00001577,BATCH-2026-08-17,ACCT-001875,2026-08-17,2026-08-19,purchase,5.68,USD,completed,Hooli Cloud,,ACH-BATCH
TXN-00000178,BATCH-2026-08-17,ACCT-001100,2026-08-16,2026-08-17,refund,-28.00,USD,completed,Wonka Confections,TXN-00001073,ACH-BATCH
TXN-00001630,BATCH-2026-08-17,ACCT-000678,2026-08-16,2026-08-17,transfer,11.22,CAD,completed,Pied Piper Software,,POS-WEST
TXN-00001006,BATCH-2026-08-17,ACCT-001365,2026-08-17,2026-08-17,purchase,17.71,USD,completed,Wonka Confections,,POS-WEST
TXN-00000276,BATCH-2026-08-17,ACCT-004308,2026-08-17,2026-08-17,purchase,12.19,USD,completed,Globex Corp,,POS-EAST
TXN-00000267,BATCH-2026-08-17,ACCT-003564,2026-08-16,2026-08-17,refund,-5.37,CAD,completed,Pied Piper Software,TXN-00001592,POS-WEST
TXN-00000754,BATCH-2026-08-17,ACCT-001375,2026-08-16,2026-08-16,purchase,0.00,USD,failed,Stark Utilities,,ACH-BATCH
TXN-00000719,BATCH-2026-08-17,ACCT-003065,2026-08-16,2026-08-17,purchase,135.42,USD,completed,Initech Services,,POS-EAST
TXN-00001503,BATCH-2026-08-17,ACCT-002624,2026-08-17,2026-08-18,purchase,80.99,USD,completed,Wonka Confections,,ONLINE-CHECKOUT
TXN-00000614,BATCH-2026-08-17,ACCT-000926,2026-08-16,2026-08-16,purchase,29.14,EUR,completed,Umbrella Logistics,,ACH-BATCH
TXN-00000634,BATCH-2026-08-17,ACCT-000630,2026-08-17,2026-08-17,purchase,29.59,USD,completed,Globex Corp,,ACH-BATCH
TXN-00001009,BATCH-2026-08-17,ACCT-000296,2026-08-16,2026-08-16,transfer,-4.73,USD,completed,Northwind Traders,,POS-EAST
TXN-00000514,BATCH-2026-08-17,ACCT-000676,2026-08-16,2026-08-17,purchase,32.11,USD,completed,Fabrikam Supply,,POS-EAST
TXN-00001563,BATCH-2026-08-17,ACCT-003085,2026-08-17,2026-08-18,purchase,254.50,USD,completed,Initech Services,,ACH-BATCH
TXN-00001363,BATCH-2026-08-17,ACCT-002582,2026-08-17,2026-08-19,purchase,10.99,USD,completed,Stark Utilities,,POS-EAST
TXN-00001968,BATCH-2026-08-17,ACCT-003487,2026-08-17,2026-08-17,purchase,19.84,USD,completed,Pied Piper Software,,POS-WEST
TXN-00000313,BATCH-2026-08-17,ACCT-004075,2026-08-16,2026-08-17,purchase,66.77,USD,completed,Initech Services,,ONLINE-CHECKOUT
TXN-00000220,BATCH-2026-08-17,ACCT-003219,2026-08-16,2026-08-18,adjustment,0.00,USD,failed,Umbrella Logistics,,POS-EAST
TXN-00000600,BATCH-2026-08-17,ACCT-000537,2026-08-17,2026-08-17,fee,43.00,USD,completed,Initech Services,,POS-EAST
TXN-00001515,BATCH-2026-08-17,ACCT-004335,2026-08-17,2026-08-17,purchase,9.56,USD,completed,Stark Utilities,,POS-WEST
TXN-00001606,BATCH-2026-08-17,ACCT-004277,2026-08-17,2026-08-17,purchase,5.76,USD,completed,Acme Wholesale,,POS-WEST
TXN-00000393,BATCH-2026-08-17,ACCT-001898,2026-08-16,2026-08-16,purchase,60.08,USD,completed,Acme Wholesale,,POS-WEST
TXN-00000685,BATCH-2026-08-17,ACCT-001378,2026-08-17,2026-08-18,purchase,7.38,USD,completed,Globex Corp,,ACH-BATCH
TXN-00001252,BATCH-2026-08-17,ACCT-000977,2026-08-16,2026-08-16,purchase,0.00,USD,completed,Pied Piper Software,,ONLINE-CHECKOUT
TXN-00000227,BATCH-2026-08-17,ACCT-000943,2026-08-16,2026-08-16,purchase,4.83,USD,completed,Northwind Traders,,ONLINE-CHECKOUT
TXN-00001898,BATCH-2026-08-17,ACCT-000078,2026-08-16,2026-08-17,purchase,16.18,EUR,completed,Pied Piper Software,,POS-EAST
TXN-00001030,BATCH-2026-08-17,ACCT-004960,2026-08-16,2026-08-17,purchase,18.06,USD,completed,Globex Corp,,POS-WEST
TXN-00001229,BATCH-2026-08-17,ACCT-001224,2026-08-16,2026-08-18,purchase,5.99,USD,completed,Wayne Hardware,,ONLINE-CHECKOUT
TXN-00001971,BATCH-2026-08-17,ACCT-000260,2026-08-16,2026-08-16,purchase,5.40,USD,completed,Wayne Hardware,,POS-WEST
TXN-00001460,BATCH-2026-08-17,ACCT-002609,2026-08-17,2026-08-18,purchase,47.14,USD,completed,Wayne Hardware,,POS-EAST
TXN-00001124,BATCH-2026-08-17,ACCT-004955,2026-08-17,2026-08-18,purchase,7.79,USD,completed,Umbrella Logistics,,ONLINE-CHECKOUT
TXN-00001708,BATCH-2026-08-17,ACCT-000945,2026-08-17,2026-08-19,purchase,38.20,USD,completed,Acme Wholesale,,POS-EAST
TXN-00000405,BATCH-2026-08-17,ACCT-003050,2026-08-16,2026-08-16,purchase,20.04,USD,completed,Umbrella Logistics,,ACH-BATCH
TXN-00000465,BATCH-2026-08-17,ACCT-001892,2026-08-16,2026-08-17,purchase,-37.71,USD,completed,Pied Piper Software,,POS-EAST
TXN-00000505,BATCH-2026-08-17,ACCT-002607,2026-08-16,2026-08-16,purchase,18.97,USD,completed,Hooli Cloud,,ACH-BATCH
TXN-00001473,BATCH-2026-08-17,ACCT-003197,2026-08-16,2026-08-17,purchase,165.70,USD,completed,Wayne Hardware,,ONLINE-CHECKOUT
TXN-00001833,BATCH-2026-08-17,ACCT-002621,2026-08-16,2026-08-18,purchase,26.05,USD,completed,Umbrella Logistics,,POS-EAST
TXN-00000292,BATCH-2026-08-17,ACCT-002413,2026-08-16,2026-08-16,purchase,16.85,USD,completed,Pied Piper Software,,ACH-BATCH
TXN-00001156,BATCH-2026-08-17,ACCT-002077,2026-08-16,2026-08-17,adjustment,137.05,USD,completed,Umbrella Logistics,,ONLINE-CHECKOUT
TXN-00001858,BATCH-2026-08-17,ACCT-000194,2026-08-17,2026-08-17,purchase,12.74,EUR,completed,Wonka Confections,,POS-WEST
TXN-00000468,BATCH-2026-08-17,ACCT-004981,2026-08-16,2026-08-17,purchase,0.00,USD,failed,Hooli Cloud,,ACH-BATCH
TXN-00001543,BATCH-2026-08-17,ACCT-004683,2026-08-17,2026-08-17,purchase,76.92,CAD,pending,Wonka Confections,,ACH-BATCH
TXN-00001729,BATCH-2026-08-17,ACCT-003247,2026-08-17,2026-08-18,purchase,43.21,USD,completed,Wonka Confections,,POS-EAST
TXN-00000252,BATCH-2026-08-17,ACCT-002472,2026-08-16,2026-08-17,purchase,169.60,USD,completed,Globex Corp,,POS-WEST
TXN-00000388,BATCH-2026-08-17,ACCT-002258,2026-08-16,2026-08-17,purchase,20.37,USD,completed,Pied Piper Software,,ACH-BATCH
TXN-00001449,BATCH-2026-08-17,ACCT-003018,2026-08-17,2026-08-18,purchase,30.16,USD,completed,Globex Corp,,ONLINE-CHECKOUT
TXN-00001294,BATCH-2026-08-17,ACCT-001141,2026-08-16,2026-08-17,purchase,7.07,USD,completed,Hooli Cloud,,ONLINE-CHECKOUT
TXN-00000965,BATCH-2026-08-17,ACCT-003006,2026-08-16,2026-08-17,adjustment,66.38,USD,completed,Wonka Confections,,ONLINE-CHECKOUT
TXN-00000986,BATCH-2026-08-17,ACCT-000967,2026-08-17,2026-08-18,refund,-49.10,USD,completed,Contoso Retail,TXN-00000853,ACH-BATCH
TXN-00001437,BATCH-2026-08-17,ACCT-003447,2026-08-17,2026-08-17,refund,-34.94,USD,completed,Acme Wholesale,TXN-00001265,ACH-BATCH
TXN-00000636,BATCH-2026-08-17,ACCT-002699,2026-08-16,2026-08-17,purchase,8.66,USD,completed,Northwind Traders,,ACH-BATCH
TXN-00000460,BATCH-2026-08-17,ACCT-003219,2026-08-17,2026-08-19,transfer,60.06,USD,completed,Pied Piper Software,,POS-WEST
TXN-00000720,BATCH-2026-08-17,ACCT-002756,2026-08-16,2026-08-16,purchase,5.74,USD,completed,Wayne Hardware,,ACH-BATCH
TXN-00001544,BATCH-2026-08-17,ACCT-002374,2026-08-16,2026-08-18,transfer,-53.04,USD,completed,Pied Piper Software,,POS-EAST
TXN-00001580,BATCH-2026-08-17,ACCT-003010,2026-08-16,2026-08-16,transfer,39.47,USD,completed,Initech Services,,ACH-BATCH
TXN-00000210,BATCH-2026-08-17,ACCT-001147,2026-08-16,2026-08-17,purchase,27.16,USD,completed,Hooli Cloud,,POS-EAST
TXN-00001055,BATCH-2026-08-17,ACCT-003479,2026-08-16,2026-08-17,purchase,153.12,N/A,completed,Acme Wholesale,,ACH-BATCH
TXN-00001573,BATCH-2026-08-17,ACCT-002545,2026-08-16,2026-08-18,purchase,0.00,USD,failed,Wayne Hardware,,POS-WEST
TXN-00000402,BATCH-2026-08-17,ACCT-000444,2026-08-16,2026-08-16,transfer,-15.86,USD,completed,Wonka Confections,,ACH-BATCH
TXN-00001283,BATCH-2026-08-17,ACCT-001610,2026-08-16,2026-08-16,purchase,7.28,USD,completed,Stark Utilities,,ONLINE-CHECKOUT
TXN-00000417,BATCH-2026-08-17,ACCT-000001,2026-08-17,2026-08-17,transfer,18.54,USD,completed,Wonka Confections,,POS-WEST
TXN-00000020,BATCH-2026-08-17,ACCT-002337,2026-08-16,2026-08-16,adjustment,-2.45,USD,completed,Wayne Hardware,,ACH-BATCH
TXN-00000938,BATCH-2026-08-17,ACCT-002715,2026-08-17,2026-08-17,transfer,10.21,USD,completed,Northwind Traders,,POS-EAST
TXN-00000423,BATCH-2026-08-17,ACCT-002706,2026-08-16,2026-08-18,purchase,18.75,USD,completed,Contoso Retail,,POS-WEST
TXN-00000010,BATCH-2026-08-17,,2026-08-16,2026-08-18,purchase,71.57,USD,completed,Initech Services,,ONLINE-CHECKOUT
TXN-00000123,BATCH-2026-08-17,ACCT-004571,2026-08-16,2026-08-17,purchase,16.76,USD,pending,Pied Piper Software,,ACH-BATCH
TXN-00001635,BATCH-2026-08-17,ACCT-000025,2026-08-17,2026-08-19,purchase,49.25,USD,reversed,Initech Services,,ONLINE-CHECKOUT
TXN-00000588,BATCH-2026-08-17,ACCT-004565,2026-08-16,2026-08-16,purchase,96.68,USD,completed,Hooli Cloud,,POS-EAST
TXN-00000007,BATCH-2026-08-17,ACCT-001729,2026-08-17,2026-08-18,purchase,16.62,USD,pending,Acme Wholesale,,ONLINE-CHECKOUT
TXN-00000512,BATCH-2026-08-17,ACCT-002716,2026-08-17,2026-08-17,purchase,25.45,USD,pending,Wayne Hardware,,ONLINE-CHECKOUT
TXN-00000075,BATCH-2026-08-17,ACCT-000930,2026-08-17,2026-08-18,purchase,0.00,USD,failed,Stark Utilities,,POS-EAST
TXN-00000392,BATCH-2026-08-17,ACCT-004895,2026-08-16,2026-08-17,purchase,27.45,USD,completed,Northwind Traders,,POS-WEST
TXN-00000550,BATCH-2026-08-17,ACCT-004747,2026-08-16,2026-08-17,purchase,13.72,USD,completed,Globex Corp,,POS-WEST
TXN-00001870,BATCH-2026-08-17,ACCT-003314,2026-08-16,2026-08-16,purchase,56.25,CAD,completed,Wayne Hardware,,ACH-BATCH
TXN-00000521,BATCH-2026-08-17,ACCT-002765,2026-08-17,2026-08-18,purchase,29.08,USD,completed,Pied Piper Software,,POS-WEST
TXN-00000352,BATCH-2026-08-17,ACCT-003013,2026-08-16,2026-08-18,adjustment,66.64,EUR,completed,Acme Wholesale,,POS-WEST
TXN-00000036,BATCH-2026-08-17,ACCT-002461,2026-08-16,2026-08-17,purchase,32.73,USD,completed,Wonka Confections,,ONLINE-CHECKOUT
TXN-00000084,BATCH-2026-08-17,ACCT-004352,2026-08-17,2026-08-17,purchase,19.57,USD,pending,Wayne Hardware,,POS-WEST
TXN-00000922,BATCH-2026-08-17,ACCT-001201,2026-08-17,2026-08-17,purchase,25.71,USD,completed,Contoso Retail,,POS-EAST
TXN-00001749,BATCH-2026-08-17,ACCT-000085,2026-08-16,2026-08-16,purchase,18.55,USD,completed,Umbrella Logistics,,ACH-BATCH
TXN-00001305,BATCH-2026-08-17,ACCT-003115,2026-08-16,2026-08-16,purchase,44.70,USD,completed,Northwind Traders,,ONLINE-CHECKOUT
TXN-00000753,BATCH-2026-08-17,ACCT-002040,2026-08-17,2026-08-18,purchase,15.21,USD,completed,Initech Services,,ONLINE-CHECKOUT
TXN-00000177,BATCH-2026-08-17,ACCT-001441,2026-08-17,2026-08-17,purchase,53.17,USD,completed,Northwind Traders,,ACH-BATCH
TXN-00000789,BATCH-2026-08-17,ACCT-003553,2026-08-17,2026-08-18,purchase,9.44,USD,reversed,Initech Services,,POS-WEST
TXN-00001081,BATCH-2026-08-17,ACCT-001961,2026-08-16,2026-08-16,purchase,0.00,USD,failed,Fabrikam Supply,,ACH-BATCH
TXN-00001128,BATCH-2026-08-17,ACCT-001719,2026-08-17,2026-08-17,transfer,-23.37,USD,completed,Hooli Cloud,,ONLINE-CHECKOUT
TXN-00000650,BATCH-2026-08-17,ACCT-004882,2026-08-16,2026-08-16,purchase,190.03,USD,completed,Hooli Cloud,,ONLINE-CHECKOUT
TXN-00000221,BATCH-2026-08-17,ACCT-001718,2026-08-17,2026-08-18,adjustment,127.22,EUR,completed,Stark Utilities,,ONLINE-CHECKOUT
TXN-00000373,BATCH-2026-08-17,ACCT-001359,2026-08-16,2026-08-16,purchase,128.03,USD,completed,Wonka Confections,,POS-WEST
TXN-00001380,BATCH-2026-08-17,ACCT-000489,2026-08-16,2026-08-16,purchase,23.11,USD,pending,Hooli Cloud,,ACH-BATCH
TXN-00001451,BATCH-2026-08-17,ACCT-000548,2026-08-16,2026-08-17,purchase,109.52,USD,completed,Initech Services,,POS-EAST
TXN-00001660,BATCH-2026-08-17,ACCT-000471,2026-08-16,2026-08-16,purchase,5.63,CAD,completed,Umbrella Logistics,,POS-WEST
TXN-00001057,BATCH-2026-08-17,ACCT-001540,2026-08-16,2026-08-18,purchase,31.84,USD,completed,Northwind Traders,,POS-WEST
TXN-00001417,BATCH-2026-08-17,ACCT-000347,2026-08-16,2026-08-18,purchase,18.63,USD,reversed,Fabrikam Supply,,ACH-BATCH
TXN-00001083,BATCH-2026-08-17,ACCT-000573,2026-08-16,2026-08-17,purchase,56.60,USD,completed,Northwind Traders,,POS-EAST
TXN-00000461,BATCH-2026-08-17,ACCT-002560,2026-08-17,2026-08-17,purchase,29.85,EUR,completed,Acme Wholesale,,ONLINE-CHECKOUT
TXN-00000191,BATCH-2026-08-17,ACCT-004422,2026-08-17,2026-08-17,purchase,7.00,USD,completed,Globex Corp,,POS-EAST
TXN-00001782,BATCH-2026-08-17,ACCT-000230,2026-08-17,2026-08-19,purchase,11.37,USD,completed,Initech Services,,ONLINE-CHECKOUT
TXN-00001582,BATCH-2026-08-17,ACCT-001690,2026-08-17,2026-08-17,purchase,68.66,USD,completed,Globex Corp,,ONLINE-CHECKOUT
TXN-00001116,BATCH-2026-08-17,ACCT-000719,2026-08-17,2026-08-17,purchase,31.30,USD,completed,Acme Wholesale,,ACH-BATCH
TXN-00000469,BATCH-2026-08-17,ACCT-000348,2026-08-17,2026-08-17,refund,-15.93,CAD,completed,Globex Corp,TXN-00001960,ACH-BATCH
TXN-00001816,BATCH-2026-08-17,ACCT-003559,2026-08-17,2026-08-18,fee,9.97,USD,completed,Wonka Confections,,POS-EAST
TXN-00000916,BATCH-2026-08-17,ACCT-004249,2026-08-16,2026-08-16,refund,-10.16,USD,completed,Wayne Hardware,TXN-00000331,POS-EAST
TXN-00000285,BATCH-2026-08-17,ACCT-002713,2026-08-17,2026-08-18,purchase,7.29,EUR,pending,Hooli Cloud,,POS-EAST
TXN-00001061,BATCH-2026-08-17,ACCT-003142,2026-08-16,2026-08-16,refund,-10.37,USD,completed,Pied Piper Software,TXN-00001276,POS-EAST
TXN-00000631,BATCH-2026-08-17,ACCT-000436,2026-08-16,2026-08-17,purchase,81.82,USD,completed,Globex Corp,,POS-WEST
TXN-00000169,BATCH-2026-08-17,ACCT-001671,2026-08-17,2026-08-17,purchase,19.81,USD,pending,Wayne Hardware,,ACH-BATCH
TXN-00001131,BATCH-2026-08-17,ACCT-004903,2026-08-17,2026-08-19,purchase,7.97,USD,completed,Hooli Cloud,,POS-WEST
TXN-00000763,BATCH-2026-08-17,ACCT-003531,2027-08-17,2026-08-18,adjustment,-46.44,USD,completed,Fabrikam Supply,,POS-WEST
TXN-00000304,BATCH-2026-08-17,ACCT-002549,2026-08-16,2026-08-17,purchase,25.23,USD,completed,Hooli Cloud,,ACH-BATCH
TXN-00001584,BATCH-2026-08-17,ACCT-002023,2026-08-17,2026-08-18,refund,-32.10,USD,completed,Northwind Traders,TXN-00000088,ONLINE-CHECKOUT
TXN-00001762,BATCH-2026-08-17,ACCT-000616,2026-08-17,2026-08-18,purchase,21.86,USD,completed,Globex Corp,,POS-WEST
TXN-00000332,BATCH-2026-08-17,ACCT-003918,2026-08-17,2026-08-17,transfer,-18.48,USD,completed,Wayne Hardware,,POS-WEST
TXN-00000470,BATCH-2026-08-17,ACCT-002343,2026-08-17,2026-08-17,fee,10.94,USD,completed,Stark Utilities,,POS-WEST
TXN-00001675,BATCH-2026-08-17,ACCT-002510,2026-08-16,2026-08-16,transfer,-44.58,USD,completed,Wonka Confections,,POS-EAST
TXN-00000573,BATCH-2026-08-17,ACCT-004019,2026-08-17,2026-08-17,purchase,50.50,USD,completed,Northwind Traders,,ONLINE-CHECKOUT
TXN-00000318,BATCH-2026-08-17,ACCT-000663,2026-08-17,2026-08-17,purchase,48.55,USD,completed,Stark Utilities,,ONLINE-CHECKOUT
TXN-00001956,BATCH-2026-08-17,ACCT-000469,2026-08-17,2026-08-19,purchase,21.77,USD,completed,Fabrikam Supply,,ONLINE-CHECKOUT
TXN-00000539,BATCH-2026-08-17,ACCT-001470,2026-08-17,2026-08-17,purchase,24.04,USD,completed,Contoso Retail,,ONLINE-CHECKOUT
TXN-00000910,BATCH-2026-08-17,ACCT-000679,2026-08-16,2026-08-16,purchase,0.00,USD,failed,Umbrella Logistics,,POS-WEST
TXN-00000988,BATCH-2026-08-17,ACCT-003180,2026-08-16,2026-08-16,refund,-25.76,USD,completed,Wayne Hardware,TXN-00000497,ONLINE-CHECKOUT
TXN-00001605,BATCH-2026-08-17,ACCT-003724,2026-08-16,2026-08-16,refund,-22.70,USD,completed,Wayne Hardware,TXN-00000921,POS-EAST
TXN-00001536,BATCH-2026-08-17,ACCT-002209,2026-08-17,2026-08-17,purchase,96.26,USD,completed,Acme Wholesale,,POS-EAST
TXN-00001781,BATCH-2026-08-17,ACCT-003755,2026-08-16,2026-08-16,purchase,22.59,USD,completed,Wonka Confections,,ONLINE-CHECKOUT
TXN-00000484,BATCH-2026-08-17,ACCT-003774,2026-08-16,2026-08-18,transfer,89.59,USD,completed,Wonka Confections,,ONLINE-CHECKOUT
TXN-00000683,BATCH-2026-08-17,ACCT-001938,2026-08-16,2026-08-18,purchase,9.05,USD,completed,Stark Utilities,,ACH-BATCH
TXN-00001701,BATCH-2026-08-17,ACCT-004659,2026-08-16,2026-08-17,purchase,8.75,USD,completed,Contoso Retail,,POS-WEST
TXN-00001837,BATCH-2026-08-17,ACCT-000070,2026-08-16,2026-08-16,refund,-43.01,USD,completed,Acme Wholesale,TXN-93084465,POS-EAST
TXN-00000355,BATCH-2026-08-17,ACCT-002604,2026-08-16,2026-08-16,purchase,29.22,USD,completed,Wonka Confections,,POS-WEST
TXN-00001961,BATCH-2026-08-17,ACCT-001389,2026-08-16,2026-08-17,purchase,31.44,USD,completed,Fabrikam Supply,,POS-WEST
TXN-00001537,BATCH-2026-08-17,ACCT-002439,2026-08-16,2026-08-17,purchase,24.90,USD,completed,Pied Piper Software,,ACH-BATCH
TXN-00000530,BATCH-2026-08-17,ACCT-000453,2026-08-16,2026-08-16,purchase,16.96,EUR,completed,Pied Piper Software,,POS-EAST
TXN-00001824,BATCH-2026-08-17,ACCT-003525,2026-08-17,2026-08-18,purchase,37.69,USD,completed,Contoso Retail,,ONLINE-CHECKOUT
TXN-00001290,BATCH-2026-08-17,ACCT-002798,2026-08-17,2026-08-17,refund,-18.03,USD,completed,Initech Services,TXN-00001757,ONLINE-CHECKOUT
TXN-00000054,BATCH-2026-08-17,ACCT-003552,2026-08-16,2026-08-16,purchase,19.26,USD,completed,Umbrella Logistics,,ACH-BATCH
TXN-00001880,BATCH-2026-08-17,ACCT-002457,2026-08-16,2026-08-17,purchase,20.90,EUR,completed,Wayne Hardware,,POS-EAST
TXN-00001180,BATCH-2026-08-17,ACCT-003936,2026-08-16,2026-08-16,purchase,19.49,USD,completed,Pied Piper Software,,POS-EAST
TXN-00001511,BATCH-2026-08-17,ACCT-000767,2026-08-17,2026-08-19,purchase,93.44,USD,completed,Northwind Traders,,POS-WEST
TXN-00000222,BATCH-2026-08-17,ACCT-001263,2026-08-16,2026-08-17,transfer,11.03,USD,completed,Hooli Cloud,,ACH-BATCH
TXN-00001840,BATCH-2026-08-17,ACCT-004847,2026-08-17,2026-08-17,refund,-46.22,USD,completed,Hooli Cloud,TXN-00001438,ONLINE-CHECKOUT
TXN-00001581,BATCH-2026-08-17,ACCT-004402,2026-08-17,2026-08-17,purchase,44.48,USD,completed,Acme Wholesale,,ACH-BATCH
TXN-00000757,BATCH-2026-08-17,ACCT-004026,2026-08-17,2026-08-17,refund,-24.63,CAD,completed,Wayne Hardware,TXN-00000426,ACH-BATCH
TXN-00000868,BATCH-2026-08-17,ACCT-002600,2026-08-16,2026-08-17,purchase,12.29,USD,completed,Umbrella Logistics,,ACH-BATCH
TXN-00001964,BATCH-2026-08-17,ACCT-000692,2026-08-17,2026-08-18,purchase,29.55,USD,completed,Acme Wholesale,,POS-WEST
TXN-00001323,BATCH-2026-08-17,ACCT-003928,2026-08-17,2026-08-17,transfer,15.49,CAD,completed,Contoso Retail,,ONLINE-CHECKOUT
TXN-00000106,BATCH-2026-08-17,ACCT-004735,2026-08-16,2026-08-17,purchase,31.16,CAD,completed,Wonka Confections,,POS-WEST
TXN-00001969,BATCH-2026-08-17,ACCT-002122,2026-08-17,2026-08-18,transfer,-4.64,USD,completed,Initech Services,,POS-EAST
TXN-00000664,BATCH-2026-08-17,ACCT-002292,2026-08-16,2026-08-16,fee,15.82,USD,reversed,Wonka Confections,,POS-WEST
TXN-00000296,BATCH-2026-08-17,ACCT-003890,2026-08-16,2026-08-17,fee,18.72,USD,completed,Acme Wholesale,,POS-WEST
TXN-00000246,BATCH-2026-08-17,ACCT-001919,2026-08-17,2026-08-17,purchase,49.79,CAD,completed,Wayne Hardware,,POS-EAST
TXN-00001221,BATCH-2026-08-17,ACCT-001617,2026-08-17,2026-08-17,refund,-31.18,USD,completed,Hooli Cloud,TXN-00000097,ACH-BATCH
TXN-00000052,BATCH-2026-08-17,ACCT-003075,2026-08-17,2026-08-19,refund,-87.57,USD,completed,Wayne Hardware,TXN-00000683,POS-WEST
TXN-00000031,BATCH-2026-08-17,ACCT-003373,2026-08-17,2026-08-18,fee,42.39,CAD,completed,Pied Piper Software,,POS-WEST
TXN-00001972,BATCH-2026-08-17,ACCT-000820,2026-08-17,2026-08-18,refund,-18.35,USD,completed,Wonka Confections,TXN-00001367,ACH-BATCH
TXN-00000258,BATCH-2026-08-17,ACCT-002124,2026-08-17,2026-08-17,purchase,15.03,USD,completed,Fabrikam Supply,,ONLINE-CHECKOUT
TXN-00000321,BATCH-2026-08-17,ACCT-002508,2026-08-17,2026-08-17,adjustment,-17.75,USD,completed,Fabrikam Supply,,POS-EAST
TXN-00001314,BATCH-2026-08-17,ACCT-004375,2026-08-17,2026-08-18,refund,-4.74,USD,completed,Contoso Retail,TXN-00001232,ACH-BATCH
TXN-00001183,BATCH-2026-08-17,ACCT-001421,2026-08-17,2026-08-17,refund,-59.89,USD,completed,Pied Piper Software,TXN-00001968,ONLINE-CHECKOUT
TXN-00001063,BATCH-2026-08-17,ACCT-002068,2026-08-16,2026-08-16,purchase,166.66,CAD,completed,Wayne Hardware,,ONLINE-CHECKOUT
TXN-00001720,BATCH-2026-08-17,ACCT-004716,2026-08-17,2026-08-18,purchase,14.19,USD,completed,Pied Piper Software,,ONLINE-CHECKOUT
TXN-00000946,BATCH-2026-08-17,ACCT-001727,2026-08-16,2026-08-16,adjustment,-8.53,USD,completed,Umbrella Logistics,,ACH-BATCH
TXN-00001279,BATCH-2026-08-17,ACCT-000630,2026-08-16,2026-08-17,purchase,17.10,CAD,completed,Globex Corp,,ACH-BATCH
TXN-00000390,BATCH-2026-08-17,ACCT-001326,2026-08-17,2026-08-18,refund,-18.65,USD,completed,Contoso Retail,TXN-00000894,POS-WEST
TXN-00000733,BATCH-2026-08-17,ACCT-002437,2026-08-16,2026-08-17,purchase,66.03,USD,completed,Wayne Hardware,,POS-WEST
TXN-00001869,BATCH-2026-08-17,ACCT-002276,2026-08-17,2026-08-17,fee,3.56,USD,completed,Wayne Hardware,,ACH-BATCH
TXN-00001067,BATCH-2026-08-17,ACCT-000650,2026-08-16,2026-08-16,purchase,8.32,USD,reversed,Wayne Hardware,,POS-EAST
TXN-00001109,BATCH-2026-08-17,ACCT-003930,2026-08-16,2026-08-16,refund,-13.63,USD,completed,Hooli Cloud,TXN-00001411,ACH-BATCH
TXN-00001919,BATCH-2026-08-17,ACCT-004327,2026-08-17,2026-08-17,purchase,48.90,USD,completed,Wayne Hardware,,POS-WEST
TXN-00001130,BATCH-2026-08-17,ACCT-002631,2026-08-16,2026-08-17,refund,-57.94,USD,completed,Northwind Traders,TXN-00001508,POS-EAST
TXN-00000149,BATCH-2026-08-17,ACCT-001427,2026-08-16,2026-08-17,purchase,161.16,USD,completed,Umbrella Logistics,,POS-WEST
TXN-00001299,BATCH-2026-08-17,ACCT-001484,2026-08-17,2026-08-17,fee,20.12,USD,completed,Contoso Retail,,ONLINE-CHECKOUT
TXN-00001500,BATCH-2026-08-17,ACCT-001762,2026-08-17,2026-08-18,purchase,9.75,USD,completed,Globex Corp,,ACH-BATCH
TXN-00000346,BATCH-2026-08-17,ACCT-001093,2026-08-16,2026-08-16,fee,17.40,USD,pending,Fabrikam Supply,,ACH-BATCH
TXN-00001315,BATCH-2026-08-17,ACCT-000170,2026-08-17,2026-08-17,purchase,57.10,USD,completed,Wonka Confections,,POS-EAST
TXN-00001557,BATCH-2026-08-17,ACCT-001338,2026-08-17,2026-08-17,purchase,65.72,USD,reversed,Globex Corp,,ACH-BATCH
TXN-00001929,BATCH-2026-08-17,ACCT-002198,2026-08-17,2026-08-18,purchase,26.45,USD,completed,Wonka Confections,,ACH-BATCH
TXN-00001000,BATCH-2026-08-17,ACCT-001709,2026-08-17,2026-08-17,purchase,5.42,CAD,completed,Hooli Cloud,,POS-WEST
TXN-00001588,BATCH-2026-08-17,ACCT-003690,2026-08-16,2026-08-17,purchase,22.18,USD,completed,Hooli Cloud,,POS-EAST
TXN-00001310,BATCH-2026-08-17,ACCT-004237,2026-08-16,2026-08-16,purchase,8.62,EUR,completed,Acme Wholesale,,POS-WEST
TXN-00001717,BATCH-2026-08-17,ACCT-002109,2026-08-16,2026-08-16,purchase,16.25,USD,completed,Contoso Retail,,ONLINE-CHECKOUT
TXN-00000689,BATCH-2026-08-17,ACCT-003767,2026-08-16,2026-08-16,purchase,0.00,USD,failed,Acme Wholesale,,ONLINE-CHECKOUT
TXN-00001409,BATCH-2026-08-17,ACCT-001229,2026-08-16,2026-08-16,purchase,39.52,USD,completed,Wayne Hardware,,ACH-BATCH
TXN-00000059,BATCH-2026-08-17,ACCT-004509,2026-08-16,2026-08-16,purchase,26.66,USD,completed,Umbrella Logistics,,ONLINE-CHECKOUT
TXN-00001591,BATCH-2026-08-17,ACCT-001906,2026-08-17,2026-08-18,fee,35.68,USD,completed,Northwind Traders,,POS-EAST
TXN-00000582,BATCH-2026-08-17,ACCT-001055,2026-08-16,2026-08-16,transfer,7.54,USD,completed,Hooli Cloud,,POS-WEST
TXN-00001679,BATCH-2026-08-17,ACCT-003752,2026-08-17,2026-08-17,purchase,16.54,USD,completed,Globex Corp,,POS-EAST
TXN-00001651,BATCH-2026-08-17,ACCT-004388,2026-08-16,2026-08-16,refund,-8.47,USD,completed,Umbrella Logistics,TXN-00001448,ONLINE-CHECKOUT
TXN-00001854,BATCH-2026-08-17,ACCT-003351,2026-08-16,2026-08-16,purchase,15.04,USD,completed,Contoso Retail,,ACH-BATCH
TXN-00001225,BATCH-2026-08-17,ACCT-000495,2026-08-17,2026-08-17,purchase,0.00,USD,failed,Acme Wholesale,,ACH-BATCH
TXN-00001805,BATCH-2026-08-17,ACCT-002677,2026-08-17,2026-08-17,purchase,21.72,USD,completed,Pied Piper Software,,POS-WEST
TXN-00000192,BATCH-2026-08-17,ACCT-001941,2026-08-16,2026-08-16,purchase,248.87,USD,reversed,Initech Services,,POS-WEST
TXN-00001897,BATCH-2026-08-17,ACCT-004157,2026-08-16,2026-08-17,transfer,50.66,EUR,completed,Initech Services,,POS-EAST
TXN-00001893,BATCH-2026-08-17,ACCT-000035,2026-08-17,2026-08-17,purchase,54.48,USD,completed,Globex Corp,,ACH-BATCH
TXN-00000935,BATCH-2026-08-17,ACCT-003361,2026-08-16,2026-08-16,purchase,20.23,USD,completed,Stark Utilities,,POS-EAST
TXN-00000899,BATCH-2026-08-17,ACCT-003045,2026-08-16,2026-08-17,purchase,19.36,USD,completed,Umbrella Logistics,,POS-WEST
TXN-00000130,BATCH-2026-08-17,ACCT-003937,2026-08-16,2026-08-18,purchase,11.65,USD,completed,Umbrella Logistics,,POS-EAST
TXN-00001845,BATCH-2026-08-17,ACCT-003272,2026-08-16,2026-08-16,purchase,23.44,USD,completed,Stark Utilities,,POS-WEST
TXN-00000120,BATCH-2026-08-17,ACCT-000467,2026-08-16,2026-08-16,purchase,14.38,USD,completed,Umbrella Logistics,,ONLINE-CHECKOUT
TXN-00000447,BATCH-2026-08-17,ACCT-002616,2026-08-17,2026-08-18,transfer,-30.44,USD,completed,Wonka Confections,,POS-WEST
TXN-00001874,BATCH-2026-08-17,ACCT-001307,2026-08-16,2026-08-18,purchase,8.53,N/A,completed,Acme Wholesale,,POS-EAST
TXN-00000874,BATCH-2026-08-17,ACCT-002593,2026-08-16,2026-08-17,purchase,160.82,USD,completed,Northwind Traders,,POS-WEST
TXN-00000452,BATCH-2026-08-17,ACCT-001195,2026-08-16,2026-08-17,purchase,95.28,USD,completed,Stark Utilities,,POS-EAST
TXN-00000520,BATCH-2026-08-17,ACCT-002215,2026-08-16,2026-08-17,purchase,33.88,USD,completed,Initech Services,,POS-EAST
TXN-00000937,BATCH-2026-08-17,ACCT-000049,2026-08-17,2026-08-18,purchase,18.59,CAD,completed,Stark Utilities,,ACH-BATCH
TXN-00000637,BATCH-2026-08-17,ACCT-000580,2026-08-17,2026-08-17,purchase,18.37,USD,completed,Wonka Confections,,ACH-BATCH
TXN-00001509,BATCH-2026-08-17,ACCT-003050,2026-08-16,2026-08-17,purchase,71.80,USD,completed,Pied Piper Software,,ONLINE-CHECKOUT
TXN-00001465,BATCH-2026-08-17,ACCT-003260,2026-08-17,2026-08-17,refund,-28.85,USD,completed,Stark Utilities,TXN-00000281,POS-EAST
TXN-00001489,BATCH-2026-08-17,ACCT-002723,2026-08-17,2026-08-19,purchase,57.02,EUR,completed,Northwind Traders,,POS-WEST
TXN-00000247,BATCH-2026-08-17,ACCT-000067,2026-08-17,2026-08-17,refund,-25.90,USD,completed,Hooli Cloud,TXN-00000956,ONLINE-CHECKOUT
TXN-00001369,BATCH-2026-08-17,ACCT-004474,2026-08-17,2026-08-18,purchase,29.33,USD,completed,Initech Services,,ONLINE-CHECKOUT
TXN-00000487,BATCH-2026-08-17,ACCT-003391,2026-08-16,2026-08-17,purchase,18.25,USD,completed,Contoso Retail,,ACH-BATCH
TXN-00001594,BATCH-2026-08-17,ACCT-000405,2026-08-17,2026-08-19,purchase,25.90,CAD,completed,Hooli Cloud,,POS-WEST
TXN-00001558,BATCH-2026-08-17,ACCT-000774,2026-08-17,2026-08-17,purchase,10.44,USD,completed,Wayne Hardware,,ONLINE-CHECKOUT
TXN-00001191,BATCH-2026-08-17,ACCT-000293,2026-08-17,2026-08-17,purchase,24.44,USD,completed,Stark Utilities,,ACH-BATCH
TXN-00000427,BATCH-2026-08-17,ACCT-000124,2026-08-17,2026-08-19,purchase,11.94,CAD,completed,Fabrikam Supply,,ONLINE-CHECKOUT
TXN-00001333,BATCH-2026-08-17,ACCT-003276,2026-08-17,2026-08-17,purchase,27.18,USD,completed,Wayne Hardware,,ONLINE-CHECKOUT
TXN-00000840,BATCH-2026-08-17,ACCT-003158,2026-08-17,2026-08-17,purchase,14.15,USD,completed,Fabrikam Supply,,ONLINE-CHECKOUT
TXN-00001523,BATCH-2026-08-17,ACCT-003492,2026-08-17,2026-08-17,purchase,35.66,USD,completed,Acme Wholesale,,POS-EAST
TXN-00000092,BATCH-2026-08-17,ACCT-000115,2026-08-17,2026-08-18,refund,-9.12,USD,completed,Initech Services,TXN-00000071,POS-EAST
TXN-00001013,BATCH-2026-08-17,ACCT-003760,2026-08-16,2026-08-16,purchase,42.04,USD,completed,Globex Corp,,POS-EAST
TXN-00000959,BATCH-2026-08-17,ACCT-001866,2026-08-17,2026-08-17,adjustment,12.77,USD,completed,Northwind Traders,,POS-EAST
TXN-00001873,BATCH-2026-08-17,ACCT-002937,2026-08-17,2026-08-17,purchase,19.34,USD,completed,Pied Piper Software,,POS-WEST
TXN-00001973,BATCH-2026-08-17,ACCT-001382,2026-08-17,2026-08-17,purchase,33.71,USD,completed,Initech Services,,POS-WEST
TXN-00000401,BATCH-2026-08-17,ACCT-000055,2026-08-17,2026-08-18,purchase,98.21,USD,completed,Wonka Confections,,POS-EAST
TXN-00001566,BATCH-2026-08-17,ACCT-004883,2026-08-17,2026-08-17,fee,33.14,CAD,failed,Wonka Confections,,ACH-BATCH
TXN-00001629,BATCH-2026-08-17,ACCT-000195,2026-08-16,2026-08-16,refund,-35.74,USD,completed,Wayne Hardware,TXN-00001397,ONLINE-CHECKOUT
TXN-00001235,BATCH-2026-08-17,ACCT-003901,2026-08-16,2026-08-17,purchase,201.48,USD,completed,Initech Services,,ONLINE-CHECKOUT
TXN-00001911,BATCH-2026-08-17,ACCT-000766,2026-08-17,2026-08-18,purchase,9.80,USD,completed,Northwind Traders,,ONLINE-CHECKOUT
TXN-00000135,BATCH-2026-08-17,ACCT-004392,2026-08-16,2026-08-16,purchase,69.36,USD,completed,Northwind Traders,,POS-WEST
TXN-00001406,BATCH-2026-08-17,ACCT-002394,2026-08-17,2026-08-18,refund,-24.75,USD,reversed,Initech Services,TXN-00000561,POS-WEST
TXN-00001778,BATCH-2026-08-17,ACCT-002441,2026-08-16,2026-08-17,purchase,6.27,USD,completed,Fabrikam Supply,,POS-EAST
TXN-00000351,BATCH-2026-08-17,ACCT-002357,2026-08-16,2026-08-16,purchase,27.77,USD,completed,Hooli Cloud,,POS-EAST
TXN-00001713,BATCH-2026-08-17,ACCT-000309,2026-08-17,2026-08-17,purchase,43.82,USD,completed,Acme Wholesale,,ACH-BATCH
TXN-00001074,BATCH-2026-08-17,ACCT-002881,2026-08-16,2026-08-16,purchase,30.92,USD,completed,Acme Wholesale,,ACH-BATCH
TXN-00000940,BATCH-2026-08-17,ACCT-001254,2026-08-16,2026-08-17,transfer,31.15,USD,completed,Acme Wholesale,,POS-EAST
TXN-00000081,BATCH-2026-08-17,ACCT-003257,2026-08-16,2026-08-16,transfer,-44.32,USD,completed,Pied Piper Software,,POS-EAST
TXN-00001517,BATCH-2026-08-17,ACCT-002331,2026-08-16,2026-08-17,purchase,16.88,CAD,completed,Northwind Traders,,ACH-BATCH
TXN-00001255,BATCH-2026-08-17,ACCT-002736,2026-08-17,2026-08-17,purchase,14.37,USD,completed,Globex Corp,,ACH-BATCH
TXN-00001209,BATCH-2026-08-17,ACCT-003357,2026-08-17,2026-08-18,purchase,13.60,USD,completed,Fabrikam Supply,,ACH-BATCH
TXN-00001603,BATCH-2026-08-17,ACCT-003320,2026-08-17,2026-08-17,purchase,54.60,USD,completed,Fabrikam Supply,,ACH-BATCH
TXN-00001047,BATCH-2026-08-17,ACCT-000065,2026-08-17,2026-08-17,purchase,9.47,USD,completed,Fabrikam Supply,,ACH-BATCH
TXN-00000680,BATCH-2026-08-17,ACCT-003640,2026-08-17,2026-08-17,adjustment,-6.45,USD,completed,Contoso Retail,,ONLINE-CHECKOUT
TXN-00000330,BATCH-2026-08-17,ACCT-002562,2026-08-17,2026-08-17,purchase,0.00,USD,failed,Wayne Hardware,,POS-EAST
TXN-00000183,BATCH-2026-08-17,ACCT-004881,2026-08-16,2026-08-17,purchase,86.90,USD,reversed,Contoso Retail,,ACH-BATCH
TXN-00000473,BATCH-2026-08-17,ACCT-003147,2026-08-17,2026-08-18,transfer,-21.70,USD,completed,Hooli Cloud,,POS-WEST
TXN-00000537,BATCH-2026-08-17,ACCT-004859,2026-08-16,2026-08-16,purchase,167.24,USD,completed,Fabrikam Supply,,ONLINE-CHECKOUT
TXN-00001086,BATCH-2026-08-17,ACCT-001385,2026-08-16,2026-08-17,purchase,44.32,USD,completed,Umbrella Logistics,,ACH-BATCH
TXN-00001533,BATCH-2026-08-17,ACCT-001220,2026-08-16,2026-08-17,purchase,71.39,CAD,completed,Contoso Retail,,ONLINE-CHECKOUT
TXN-00000195,BATCH-2026-08-17,ACCT-000473,2026-08-17,2026-08-17,purchase,127.76,USD,completed,Wonka Confections,,ACH-BATCH
TXN-00001549,BATCH-2026-08-17,ACCT-003909,2026-08-17,2026-08-17,purchase,61.80,CAD,completed,Pied Piper Software,,POS-EAST
TXN-00001917,BATCH-2026-08-17,ACCT-003987,2026-08-17,2026-08-17,refund,-38.05,EUR,completed,Umbrella Logistics,TXN-00000411,ONLINE-CHECKOUT
TXN-00001554,BATCH-2026-08-17,ACCT-001992,2026-08-17,2026-08-17,purchase,120.70,USD,completed,Pied Piper Software,,ACH-BATCH
TXN-00000686,BATCH-2026-08-17,ACCT-000493,2026-08-16,2026-08-18,adjustment,41.98,USD,completed,Stark Utilities,,ONLINE-CHECKOUT
TXN-00001381,BATCH-2026-08-17,ACCT-000113,2026-08-16,2026-08-16,purchase,13.55,USD,completed,Stark Utilities,,POS-EAST
TXN-00001001,BATCH-2026-08-17,ACCT-001476,2026-08-17,2026-08-18,purchase,22.85,USD,completed,Initech Services,,POS-WEST
TXN-00001040,BATCH-2026-08-17,ACCT-000742,2026-08-17,2026-08-17,purchase,23.00,USD,completed,Fabrikam Supply,,POS-EAST
TXN-00001412,BATCH-2026-08-17,ACCT-004554,2026-08-17,2026-08-17,purchase,10.92,USD,completed,Wonka Confections,,POS-EAST
TXN-00000662,BATCH-2026-08-17,ACCT-000244,2026-08-16,2026-08-18,purchase,26.54,CAD,completed,Stark Utilities,,POS-WEST
TXN-00001341,BATCH-2026-08-17,ACCT-003707,2026-08-17,2026-08-18,purchase,56.55,USD,completed,Umbrella Logistics,,ONLINE-CHECKOUT
TXN-00001553,BATCH-2026-08-17,ACCT-001243,2026-08-16,2026-08-18,transfer,-21.14,USD,completed,Contoso Retail,,ACH-BATCH
TXN-00001578,BATCH-2026-08-17,ACCT-002871,2026-08-16,2026-08-17,purchase,26.91,USD,completed,Pied Piper Software,,POS-WEST
TXN-00001147,BATCH-2026-08-17,ACCT-003433,2026-08-17,2026-08-18,refund,-3.82,USD,completed,Wayne Hardware,TXN-00001759,POS-WEST
TXN-00000497,BATCH-2026-08-17,ACCT-002880,2026-08-16,2026-08-16,purchase,6.16,USD,completed,Stark Utilities,,ACH-BATCH
TXN-00000235,BATCH-2026-08-17,ACCT-003637,2026-08-16,2026-08-16,purchase,23.47,USD,completed,Stark Utilities,,POS-WEST
TXN-00001585,BATCH-2026-08-17,ACCT-002186,2026-08-17,2026-08-17,purchase,37.00,USD,completed,Acme Wholesale,,POS-WEST
TXN-00001303,BATCH-2026-08-17,ACCT-001983,2026-08-16,2026-08-17,adjustment,11.37,USD,completed,Stark Utilities,,POS-WEST
TXN-00001899,BATCH-2026-08-17,ACCT-003635,2026-08-16,2026-08-16,purchase,0.00,USD,failed,Wonka Confections,,POS-EAST
TXN-00000930,BATCH-2026-08-17,ACCT-000006,2026-08-16,2026-08-16,purchase,17.87,USD,completed,Northwind Traders,,ONLINE-CHECKOUT
TXN-00001827,BATCH-2026-08-17,ACCT-003099,2026-08-17,2026-08-17,purchase,14.66,USD,completed,Wayne Hardware,,POS-EAST
TXN-00000987,BATCH-2026-08-17,ACCT-004544,2026-08-17,2026-08-18,purchase,11.08,USD,reversed,Hooli Cloud,,ACH-BATCH
TXN-00000820,BATCH-2026-08-17,ACCT-000745,2026-08-17,2026-08-17,purchase,18.23,USD,completed,Northwind Traders,,ACH-BATCH
TXN-00000976,BATCH-2026-08-17,ACCT-002263,2026-08-16,2026-08-18,purchase,21.67,USD,pending,Initech Services,,ACH-BATCH
TXN-00001097,BATCH-2026-08-17,ACCT-001865,2026-08-16,2026-08-16,purchase,0.00,USD,failed,Globex Corp,,ACH-BATCH
TXN-00000062,BATCH-2026-08-17,ACCT-004022,2026-08-17,2026-08-17,purchase,34.77,USD,completed,Contoso Retail,,POS-EAST
TXN-00000949,BATCH-2026-08-17,ACCT-004092,2026-08-16,2026-08-16,purchase,7.12,USD,completed,Pied Piper Software,,ACH-BATCH
TXN-00001742,BATCH-2026-08-17,ACCT-002027,2026-08-16,2026-08-18,purchase,36.85,USD,completed,Stark Utilities,,POS-WEST
TXN-00000841,BATCH-2026-08-17,ACCT-001840,2026-08-16,2026-08-17,purchase,6.25,CAD,completed,Contoso Retail,,ONLINE-CHECKOUT
TXN-00000912,BATCH-2026-08-17,ACCT-001262,2026-08-16,2026-08-17,purchase,14.41,USD,completed,Wonka Confections,,POS-EAST
TXN-00000941,BATCH-2026-08-17,ACCT-000998,2026-08-17,2026-08-18,purchase,22.38,USD,completed,Initech Services,,ACH-BATCH
TXN-00001921,BATCH-2026-08-17,ACCT-003285,2026-08-17,2026-08-19,purchase,9.05,CAD,completed,Stark Utilities,,ACH-BATCH
TXN-00000834,BATCH-2026-08-17,ACCT-004951,2026-08-17,2026-08-18,fee,9.00,EUR,completed,Wonka Confections,,POS-WEST
TXN-00000432,BATCH-2026-08-17,ACCT-002158,2026-08-17,2026-08-17,refund,-11.52,USD,completed,Wonka Confections,TXN-00000077,ONLINE-CHECKOUT
TXN-00000953,BATCH-2026-08-17,ACCT-004577,2026-08-16,2026-08-16,purchase,0.00,USD,failed,Fabrikam Supply,,POS-EAST
TXN-00001705,BATCH-2026-08-17,ACCT-003306,2026-08-17,2026-08-17,refund,-48.54,USD,completed,Stark Utilities,TXN-00001116,ACH-BATCH
TXN-00000716,BATCH-2026-08-17,ACCT-000532,2026-08-16,2026-08-16,transfer,-7.24,EUR,completed,Fabrikam Supply,,ACH-BATCH
TXN-00001267,BATCH-2026-08-17,ACCT-004108,2026-08-16,2026-08-16,fee,21.31,USD,completed,Wonka Confections,,POS-EAST
TXN-00000380,BATCH-2026-08-17,ACCT-001320,2026-08-16,2026-08-16,purchase,4.69,USD,completed,Fabrikam Supply,,POS-EAST
TXN-00000961,BATCH-2026-08-17,ACCT-003013,2026-08-17,2026-08-17,purchase,5.29,USD,completed,Umbrella Logistics,,POS-WEST
TXN-00000184,BATCH-2026-08-17,ACCT-004692,2026-08-17,2026-08-17,purchase,28.47,CAD,completed,Wonka Confections,,POS-WEST
TXN-00000507,BATCH-2026-08-17,ACCT-001113,2026-08-17,2026-08-17,purchase,23.65,USD,completed,Contoso Retail,,POS-WEST
TXN-00001764,BATCH-2026-08-17,ACCT-003329,2026-08-17,2026-08-17,adjustment,-67.48,USD,pending,Acme Wholesale,,ONLINE-CHECKOUT
TXN-00001904,BATCH-2026-08-17,ACCT-000996,2026-08-17,2026-08-17,purchase,20.11,USD,completed,Wayne Hardware,,POS-EAST
TXN-00000954,BATCH-2026-08-17,ACCT-004086,2026-08-17,2026-08-17,purchase,25.27,CAD,completed,Globex Corp,,POS-EAST
TXN-00000217,BATCH-2026-08-17,ACCT-002062,2026-08-16,2026-08-16,purchase,23.89,USD,completed,Globex Corp,,ACH-BATCH
TXN-00000712,BATCH-2026-08-17,ACCT-001463,2026-08-16,2026-08-17,purchase,14.08,USD,completed,Globex Corp,,POS-EAST
TXN-00000475,BATCH-2026-08-17,ACCT-000048,2026-08-16,2026-08-16,purchase,24.35,USD,completed,Acme Wholesale,,ACH-BATCH
TXN-00000575,BATCH-2026-08-17,ACCT-000547,2026-08-17,2026-08-17,purchase,54.94,USD,completed,Acme Wholesale,,ONLINE-CHECKOUT
TXN-00001628,BATCH-2026-08-17,ACCT-000157,2026-08-17,2026-08-17,transfer,-25.00,USD,completed,Fabrikam Supply,,ONLINE-CHECKOUT
TXN-00000021,BATCH-2026-08-17,ACCT-004120,2027-08-17,2026-08-18,purchase,4.74,EUR,completed,Wonka Confections,,POS-WEST
TXN-00000279,BATCH-2026-08-17,ACCT-002940,2026-08-17,2026-08-17,purchase,8.39,USD,completed,Acme Wholesale,,POS-EAST
TXN-00001087,BATCH-2026-08-17,ACCT-000607,2026-08-16,2026-08-16,purchase,4.32,USD,completed,Stark Utilities,,ACH-BATCH
TXN-00000315,BATCH-2026-08-17,ACCT-004580,2026-08-17,2026-08-17,purchase,20.61,USD,completed,Fabrikam Supply,,ONLINE-CHECKOUT
TXN-00001232,BATCH-2026-08-17,ACCT-001159,2026-08-17,2026-08-17,purchase,55.21,USD,pending,Globex Corp,,ACH-BATCH
TXN-00000113,BATCH-2026-08-17,ACCT-002372,2026-08-16,2026-08-18,purchase,141.21,USD,completed,Umbrella Logistics,,POS-EAST
TXN-00000358,BATCH-2026-08-17,ACCT-004168,2026-08-16,2026-08-16,purchase,54.36,USD,completed,Stark Utilities,,ACH-BATCH
TXN-00001104,BATCH-2026-08-17,ACCT-002653,2026-08-16,2026-08-18,purchase,6.28,USD,completed,Fabrikam Supply,,POS-WEST
TXN-00000442,BATCH-2026-08-17,ACCT-001818,2026-08-16,2026-08-16,purchase,-15.84,USD,completed,Globex Corp,,ONLINE-CHECKOUT
TXN-00001962,BATCH-2026-08-17,ACCT-003232,2026-08-17,2026-08-17,adjustment,-75.74,USD,completed,Fabrikam Supply,,ACH-BATCH
TXN-00001044,BATCH-2026-08-17,ACCT-001397,2026-08-16,2026-08-17,purchase,30.22,USD,completed,Northwind Traders,,ACH-BATCH
TXN-00001064,BATCH-2026-08-17,ACCT-002660,2026-08-16,2026-08-16,purchase,19.59,USD,completed,Initech Services,,POS-EAST
TXN-00000407,BATCH-2026-08-17,ACCT-004236,2026-08-16,2026-08-17,purchase,9.04,USD,completed,Wonka Confections,,ONLINE-CHECKOUT
TXN-00001484,BATCH-2026-08-17,ACCT-001453,2026-08-17,2026-08-17,adjustment,38.72,CAD,completed,Stark Utilities,,ACH-BATCH
TXN-00001715,BATCH-2026-08-17,ACCT-001324,2026-08-16,2026-08-17,purchase,11.45,USD,completed,Wonka Confections,,POS-WEST
TXN-00000603,BATCH-2026-08-17,ACCT-000618,2026-08-16,2026-08-16,purchase,6.94,USD,completed,Wonka Confections,,POS-WEST
TXN-00001653,BATCH-2026-08-17,ACCT-004947,2026-08-16,2026-08-18,purchase,21.33,USD,completed,Globex Corp,,POS-EAST
TXN-00001228,BATCH-2026-08-17,ACCT-003304,2026-08-16,2026-08-16,purchase,11.32,USD,completed,Stark Utilities,,ACH-BATCH
TXN-00001529,BATCH-2026-08-17,ACCT-000692,2026-08-17,2026-08-17,refund,-18.94,USD,completed,Globex Corp,TXN-00001654,POS-EAST
TXN-00000202,BATCH-2026-08-17,ACCT-001379,2026-08-16,2026-08-18,purchase,37.69,USD,pending,Hooli Cloud,,ONLINE-CHECKOUT
TXN-00001510,BATCH-2026-08-17,ACCT-000672,2026-08-17,2026-08-18,purchase,0.00,USD,completed,Acme Wholesale,,ONLINE-CHECKOUT
TXN-00000161,BATCH-2026-08-17,ACCT-004055,2026-08-17,2026-08-17,purchase,19.31,USD,pending,Acme Wholesale,,ACH-BATCH
TXN-00000072,BATCH-2026-08-17,ACCT-003726,2026-08-16,2026-08-17,purchase,71.96,USD,completed,Contoso Retail,,ONLINE-CHECKOUT
TXN-00001410,BATCH-2026-08-17,ACCT-000402,2026-08-16,2026-08-16,purchase,81.59,USD,completed,Umbrella Logistics,,ONLINE-CHECKOUT
TXN-00000040,BATCH-2026-08-17,ACCT-004716,2026-08-17,2026-08-17,purchase,52.52,USD,completed,Globex Corp,,ACH-BATCH
TXN-00000223,BATCH-2026-08-17,ACCT-003427,2026-08-16,2026-08-16,refund,-49.09,EUR,completed,Wonka Confections,TXN-00001461,POS-EAST
TXN-00000212,BATCH-2026-08-17,ACCT-001522,2026-08-16,2026-08-16,purchase,27.97,EUR,completed,Pied Piper Software,,ACH-BATCH
TXN-00001493,BATCH-2026-08-17,ACCT-003386,2026-08-17,2026-08-17,purchase,0.00,USD,failed,Fabrikam Supply,,POS-EAST
TXN-00001819,BATCH-2026-08-17,ACCT-002609,2026-08-17,2026-08-18,purchase,19.74,USD,completed,Globex Corp,,POS-WEST
TXN-00001432,BATCH-2026-08-17,ACCT-001438,2026-08-16,2026-08-16,refund,-58.19,USD,completed,Globex Corp,TXN-00001960,ONLINE-CHECKOUT
TXN-00000517,BATCH-2026-08-17,ACCT-002827,2026-08-16,2026-08-16,transfer,19.01,USD,completed,Northwind Traders,,ONLINE-CHECKOUT
TXN-00000064,BATCH-2026-08-17,ACCT-001849,2026-08-17,2026-08-17,refund,-69.21,USD,pending,Wonka Confections,TXN-00001754,ACH-BATCH
TXN-00000236,BATCH-2026-08-17,ACCT-003747,2026-08-16,2026-08-16,purchase,13.50,USD,completed,Acme Wholesale,,ACH-BATCH
TXN-00000232,BATCH-2026-08-17,ACCT-002566,2026-08-16,2026-08-18,purchase,37.51,USD,completed,Contoso Retail,,POS-WEST
TXN-00000194,BATCH-2026-08-17,ACCT-001223,2026-08-16,2026-08-17,purchase,15.19,USD,completed,Initech Services,,ACH-BATCH
TXN-00001282,BATCH-2026-08-17,ACCT-003460,2026-08-17,2026-08-17,purchase,6.84,USD,completed,Contoso Retail,,POS-EAST
TXN-00000778,BATCH-2026-08-17,ACCT-001035,2026-08-16,2026-08-18,purchase,15.82,USD,completed,Wonka Confections,,POS-WEST
TXN-00001747,BATCH-2026-08-17,ACCT-002136,2026-08-17,2026-08-17,purchase,5.16,USD,completed,Acme Wholesale,,ACH-BATCH
TXN-00001599,BATCH-2026-08-17,ACCT-001495,2026-08-17,2026-08-18,transfer,-100.13,USD,completed,Northwind Traders,,ONLINE-CHECKOUT
TXN-00000875,BATCH-2026-08-17,ACCT-000031,2026-08-16,2026-08-16,transfer,-83.30,USD,pending,Stark Utilities,,POS-WEST
TXN-00000887,BATCH-2026-08-17,ACCT-000764,2026-08-16,2026-08-17,purchase,11.28,USD,completed,Contoso Retail,,POS-EAST
TXN-00001035,BATCH-2026-08-17,ACCT-003879,2026-08-16,2026-08-18,fee,36.62,CAD,completed,Hooli Cloud,,POS-EAST
TXN-00000697,BATCH-2026-08-17,ACCT-003442,2026-08-17,2026-08-18,purchase,13.61,USD,completed,Wonka Confections,,ACH-BATCH
TXN-00000197,BATCH-2026-08-17,ACCT-004579,2026-08-17,2026-08-18,purchase,3.25,USD,completed,Globex Corp,,ACH-BATCH
TXN-00000903,BATCH-2026-08-17,ACCT-000039,2026-08-16,2026-08-16,purchase,68.79,USD,completed,Stark Utilities,,ONLINE-CHECKOUT
TXN-00001354,BATCH-2026-08-17,ACCT-001924,2026-08-17,2026-08-17,refund,-35.41,USD,completed,Wayne Hardware,TXN-00001814,ONLINE-CHECKOUT
TXN-00000966,BATCH-2026-08-17,ACCT-003984,2026-08-16,2026-08-17,transfer,-24.67,CAD,completed,Initech Services,,POS-EAST
TXN-00001092,BATCH-2026-08-17,ACCT-003097,2026-08-17,2026-08-17,purchase,24.62,EUR,pending,Stark Utilities,,POS-WEST
TXN-00001148,BATCH-2026-08-17,ACCT-004800,2026-08-16,2026-08-16,purchase,14.08,USD,completed,Pied Piper Software,,POS-WEST
TXN-00000384,BATCH-2026-08-17,ACCT-001068,2026-08-17,2026-08-18,transfer,29.84,USD,completed,Acme Wholesale,,POS-EAST
TXN-00000628,BATCH-2026-08-17,ACCT-004901,2026-08-17,2026-08-17,purchase,13.85,USD,completed,Hooli Cloud,,POS-EAST
TXN-00000179,BATCH-2026-08-17,ACCT-001583,2026-08-16,2026-08-17,purchase,17.17,USD,completed,Fabrikam Supply,,ACH-BATCH
TXN-00000325,BATCH-2026-08-17,ACCT-003887,2026-08-17,2026-08-17,purchase,16.31,USD,completed,Hooli Cloud,,POS-WEST
TXN-00001308,BATCH-2026-08-17,ACCT-000530,2026-08-16,2026-08-18,purchase,47.44,USD,completed,Stark Utilities,,POS-EAST
TXN-00000218,BATCH-2026-08-17,ACCT-003113,2026-08-16,2026-08-16,purchase,8.87,USD,completed,Umbrella Logistics,,ACH-BATCH
TXN-00000078,BATCH-2026-08-17,ACCT-004452,2026-08-16,2026-08-17,transfer,20.90,USD,completed,Wayne Hardware,,ACH-BATCH
TXN-00000924,BATCH-2026-08-17,ACCT-003362,2026-08-16,2026-08-16,transfer,70.49,XXX,completed,Globex Corp,,POS-WEST
TXN-00001122,BATCH-2026-08-17,ACCT-003073,2026-08-17,2026-08-17,purchase,73.63,USD,pending,Northwind Traders,,ACH-BATCH
TXN-00000479,BATCH-2026-08-17,ACCT-001000,2026-08-16,2026-08-16,refund,-6.89,USD,completed,Hooli Cloud,TXN-00000553,ONLINE-CHECKOUT
TXN-00001300,BATCH-2026-08-17,ACCT-000786,2026-08-17,2026-08-17,refund,-27.18,USD,reversed,Hooli Cloud,TXN-00001626,ACH-BATCH
TXN-00000729,BATCH-2026-08-17,ACCT-001631,2026-08-17,2026-08-18,purchase,28.90,USD,completed,Contoso Retail,,ACH-BATCH
TXN-00000124,BATCH-2026-08-17,ACCT-002866,2026-08-17,2026-08-17,purchase,28.47,USD,completed,Initech Services,,ACH-BATCH
TXN-00001321,BATCH-2026-08-17,ACCT-003044,2026-08-16,2026-08-16,purchase,14.27,CAD,completed,Globex Corp,,ACH-BATCH
TXN-00000991,BATCH-2026-08-17,ACCT-004818,2026-08-16,2026-08-16,purchase,20.23,USD,completed,Initech Services,,POS-EAST
TXN-00001362,BATCH-2026-08-17,ACCT-003022,2026-08-16,2026-08-16,fee,22.29,USD,completed,Globex Corp,,POS-EAST
TXN-00001673,BATCH-2026-08-17,ACCT-001966,2026-08-16,2026-08-17,refund,-17.86,USD,completed,Wayne Hardware,TXN-00001356,ONLINE-CHECKOUT
TXN-00001526,BATCH-2026-08-17,ACCT-001413,2026-08-16,2026-08-16,transfer,47.43,USD,completed,Globex Corp,,ONLINE-CHECKOUT
TXN-00000065,BATCH-2026-08-17,ACCT-000813,2026-08-16,2026-08-16,purchase,39.59,CAD,completed,Globex Corp,,POS-WEST
TXN-00000441,BATCH-2026-08-17,ACCT-002082,2026-08-17,2026-08-17,refund,-3.72,USD,completed,Umbrella Logistics,TXN-00000311,ACH-BATCH
TXN-00001770,BATCH-2026-08-17,ACCT-001451,2026-08-17,2026-08-18,purchase,129.51,USD,completed,Wayne Hardware,,ACH-BATCH
TXN-00000574,BATCH-2026-08-17,ACCT-003872,2026-08-16,2026-08-16,transfer,41.74,USD,completed,Contoso Retail,,ONLINE-CHECKOUT
TXN-00000303,BATCH-2026-08-17,ACCT-004956,2026-08-16,2026-08-17,fee,8.85,USD,completed,Pied Piper Software,,POS-EAST
TXN-00001446,BATCH-2026-08-17,ACCT-004210,2026-08-17,2026-08-18,transfer,3.02,CAD,completed,Wayne Hardware,,ACH-BATCH
TXN-00001329,BATCH-2026-08-17,ACCT-001795,2026-08-17,2026-08-17,purchase,127.39,USD,completed,Stark Utilities,,POS-WEST
TXN-00000791,BATCH-2026-08-17,ACCT-000962,2026-08-17,2026-08-18,purchase,6.53,USD,completed,Fabrikam Supply,,POS-WEST
TXN-00000707,BATCH-2026-08-17,ACCT-001649,2026-08-17,2026-08-17,purchase,13.62,USD,completed,Contoso Retail,,ONLINE-CHECKOUT
TXN-00000973,BATCH-2026-08-17,ACCT-002766,2026-08-16,2026-08-16,purchase,10.54,USD,completed,Acme Wholesale,,ACH-BATCH
TXN-00000416,BATCH-2026-08-17,ACCT-004289,2026-08-16,2026-08-17,purchase,39.69,USD,pending,Pied Piper Software,,ONLINE-CHECKOUT
TXN-00000250,BATCH-2026-08-17,ACCT-001780,2026-08-17,2026-08-19,purchase,33.83,USD,completed,Contoso Retail,,POS-EAST
TXN-00000825,BATCH-2026-08-17,ACCT-004478,2026-08-17,2026-08-17,purchase,22.36,USD,completed,Acme Wholesale,,ONLINE-CHECKOUT
TXN-00001598,BATCH-2026-08-17,ACCT-002535,2026-08-16,2026-08-16,purchase,32.18,USD,completed,Wayne Hardware,,ONLINE-CHECKOUT
TXN-00001505,BATCH-2026-08-17,ACCT-000955,2026-08-16,2026-08-16,adjustment,0.00,USD,completed,Fabrikam Supply,,ACH-BATCH
TXN-00000419,BATCH-2026-08-17,ACCT-003193,2026-08-16,2026-08-16,refund,-3.39,USD,completed,Wayne Hardware,TXN-00001291,POS-WEST
TXN-00001373,BATCH-2026-08-17,ACCT-000044,2026-08-17,2026-08-17,purchase,103.99,USD,completed,Pied Piper Software,,ONLINE-CHECKOUT
TXN-00001718,BATCH-2026-08-17,ACCT-002118,2026-08-17,2026-08-18,purchase,6.35,CAD,completed,Initech Services,,ACH-BATCH
TXN-00001280,BATCH-2026-08-17,ACCT-004042,2026-08-17,2026-08-18,purchase,11.26,USD,completed,Globex Corp,,ACH-BATCH
TXN-00000602,BATCH-2026-08-17,ACCT-004001,2026-08-16,2026-08-16,purchase,18.10,EUR,completed,Contoso Retail,,POS-WEST
TXN-00001649,BATCH-2026-08-17,ACCT-004512,2026-08-17,2026-08-18,purchase,48.50,USD,completed,Northwind Traders,,POS-WEST
TXN-00001691,BATCH-2026-08-17,ACCT-003497,2026-08-17,2026-08-18,purchase,14.18,USD,completed,Contoso Retail,,ONLINE-CHECKOUT
TXN-00000839,BATCH-2026-08-17,ACCT-004453,2026-08-16,2026-08-17,transfer,13.86,USD,completed,Hooli Cloud,,ONLINE-CHECKOUT
TXN-00001429,BATCH-2026-08-17,ACCT-001066,2026-08-16,2026-08-16,purchase,100.55,USD,completed,Wonka Confections,,ACH-BATCH
TXN-00001697,BATCH-2026-08-17,ACCT-001985,2026-08-16,2026-08-16,purchase,274.58,USD,completed,Pied Piper Software,,ACH-BATCH
TXN-00000074,BATCH-2026-08-17,ACCT-003590,2026-08-17,2026-08-17,purchase,70.15,USD,completed,Hooli Cloud,,ACH-BATCH
TXN-00000772,BATCH-2026-08-17,ACCT-000823,2026-08-17,2026-08-17,purchase,22.02,USD,completed,Hooli Cloud,,ACH-BATCH
TXN-00001842,BATCH-2026-08-17,ACCT-004572,2026-08-16,2026-08-16,purchase,21.57,USD,completed,Stark Utilities,,POS-WEST
TXN-00000641,BATCH-2026-08-17,ACCT-000688,2026-08-17,2026-08-18,purchase,27.64,EUR,completed,Initech Services,,ACH-BATCH
TXN-00001339,BATCH-2026-08-17,ACCT-001393,2026-08-17,2026-08-18,purchase,45.35,USD,reversed,Wayne Hardware,,ACH-BATCH
TXN-00000166,BATCH-2026-08-17,ACCT-004612,2026-08-16,2026-08-16,adjustment,25.10,USD,completed,Initech Services,,ACH-BATCH
TXN-00001194,BATCH-2026-08-17,ACCT-000463,2026-08-16,2026-08-18,purchase,18.37,USD,completed,Wayne Hardware,,ACH-BATCH
TXN-00001878,BATCH-2026-08-17,ACCT-003500,2026-08-17,2026-08-17,purchase,103.91,CAD,completed,Contoso Retail,,ONLINE-CHECKOUT
TXN-00000948,BATCH-2026-08-17,ACCT-004305,2026-08-16,2026-08-17,transfer,-4.51,USD,completed,Initech Services,,POS-WEST
TXN-00001889,BATCH-2026-08-17,ACCT-001603,2026-08-16,2026-08-17,purchase,48.40,USD,completed,Wonka Confections,,POS-EAST
TXN-00001978,BATCH-2026-08-17,ACCT-003364,2026-08-16,2026-08-16,transfer,12.91,USD,completed,Hooli Cloud,,POS-EAST
TXN-00001189,BATCH-2026-08-17,ACCT-001503,2026-08-17,2026-08-17,purchase,82.61,USD,completed,Wonka Confections,,ONLINE-CHECKOUT
TXN-00000747,BATCH-2026-08-17,ACCT-004813,2026-08-16,2026-08-16,purchase,32.55,CAD,completed,Hooli Cloud,,POS-EAST
TXN-00000275,BATCH-2026-08-17,ACCT-002014,2026-08-17,2026-08-17,purchase,22.24,USD,completed,Pied Piper Software,,ONLINE-CHECKOUT
TXN-00001233,BATCH-2026-08-17,ACCT-003515,2026-08-16,2026-08-17,refund,-17.09,USD,completed,Acme Wholesale,TXN-00000802,POS-EAST
TXN-00001877,BATCH-2026-08-17,ACCT-004280,2026-08-16,2026-08-16,purchase,,USD,completed,Fabrikam Supply,,ACH-BATCH
TXN-00000291,BATCH-2026-08-17,ACCT-004425,2026-08-17,2026-08-17,purchase,75.38,USD,completed,Initech Services,,ONLINE-CHECKOUT
TXN-00001452,BATCH-2026-08-17,ACCT-000731,2026-08-17,2026-08-19,purchase,10.46,USD,completed,Fabrikam Supply,,ONLINE-CHECKOUT
TXN-00001213,BATCH-2026-08-17,ACCT-001385,2026-08-16,2026-08-17,purchase,69.20,USD,completed,Umbrella Logistics,,ONLINE-CHECKOUT
TXN-00000126,BATCH-2026-08-17,ACCT-001127,2026-08-17,2026-08-17,purchase,40.80,USD,completed,Fabrikam Supply,,POS-EAST
TXN-00000181,BATCH-2026-08-17,ACCT-000969,2026-08-17,2026-08-17,purchase,18.47,USD,completed,Stark Utilities,,ONLINE-CHECKOUT
TXN-00001852,BATCH-2026-08-17,ACCT-001181,2026-08-17,2026-08-17,purchase,8.64,CAD,completed,Umbrella Logistics,,POS-WEST
TXN-00000555,BATCH-2026-08-17,ACCT-000664,2026-08-16,2026-08-16,purchase,33.74,USD,completed,Acme Wholesale,,ONLINE-CHECKOUT
TXN-00000838,BATCH-2026-08-17,ACCT-000077,2026-08-16,2026-08-16,refund,-51.47,USD,completed,Contoso Retail,TXN-00000016,ONLINE-CHECKOUT
TXN-00001251,BATCH-2026-08-17,ACCT-002177,2026-08-17,2026-08-17,purchase,41.37,CAD,completed,Wonka Confections,,ONLINE-CHECKOUT
TXN-00000606,BATCH-2026-08-17,ACCT-001529,2026-08-17,2026-08-18,purchase,36.89,USD,completed,Acme Wholesale,,ACH-BATCH
TXN-00001885,BATCH-2026-08-17,ACCT-002963,2026-08-17,2026-08-18,refund,-34.28,USD,completed,Northwind Traders,TXN-00000875,POS-EAST
TXN-00000213,BATCH-2026-08-17,ACCT-001264,2026-08-17,2026-08-17,purchase,3.85,USD,completed,Hooli Cloud,,ACH-BATCH
TXN-00001501,BATCH-2026-08-17,ACCT-001414,2026-08-17,2026-08-19,refund,-65.09,CAD,completed,Fabrikam Supply,TXN-00000574,POS-WEST
TXN-00001766,BATCH-2026-08-17,ACCT-001322,2026-08-17,2026-08-17,purchase,18.31,USD,completed,Wonka Confections,,ONLINE-CHECKOUT
TXN-00001758,BATCH-2026-08-17,ACCT-004452,2026-08-17,2026-08-18,refund,-38.64,USD,completed,Wayne Hardware,TXN-00000590,ACH-BATCH
TXN-00001249,BATCH-2026-08-17,ACCT-003243,2026-08-17,2026-08-17,purchase,15.56,USD,completed,Northwind Traders,,ONLINE-CHECKOUT
TXN-00000254,BATCH-2026-08-17,ACCT-000598,2026-08-16,2026-08-16,fee,80.68,USD,pending,Northwind Traders,,POS-EAST
TXN-00000994,BATCH-2026-08-17,ACCT-001695,2026-08-16,2026-08-18,purchase,33.09,CAD,completed,Wonka Confections,,POS-WEST
TXN-00000261,BATCH-2026-08-17,ACCT-001230,2026-08-17,2026-08-17,purchase,22.86,USD,completed,Fabrikam Supply,,POS-EAST
TXN-00001066,BATCH-2026-08-17,ACCT-004992,2026-08-16,2026-08-16,fee,18.57,USD,completed,Hooli Cloud,,POS-EAST
TXN-00001261,BATCH-2026-08-17,ACCT-002190,2026-08-17,2026-08-18,transfer,77.69,EUR,completed,Northwind Traders,,ONLINE-CHECKOUT
TXN-00001444,BATCH-2026-08-17,ACCT-001194,2026-08-17,2026-08-17,purchase,23.37,CAD,completed,Globex Corp,,ONLINE-CHECKOUT
TXN-00000385,BATCH-2026-08-17,ACCT-003950,2026-08-16,2026-08-16,transfer,5.48,USD,completed,Wayne Hardware,,ONLINE-CHECKOUT
TXN-00001003,BATCH-2026-08-17,ACCT-003262,2026-08-16,2026-08-18,purchase,35.88,USD,completed,Hooli Cloud,,POS-WEST
TXN-00000308,BATCH-2026-08-17,ACCT-002205,2026-08-17,2026-08-18,purchase,49.70,USD,completed,Pied Piper Software,,ACH-BATCH
TXN-00001721,BATCH-2026-08-17,ACCT-003922,2026-08-16,2026-08-16,purchase,0.00,EUR,completed,Northwind Traders,,ACH-BATCH
TXN-00001774,BATCH-2026-08-17,ACCT-000823,2026-08-17,2026-08-17,purchase,93.09,USD,completed,Pied Piper Software,,ONLINE-CHECKOUT
TXN-00000655,BATCH-2026-08-17,ACCT-001923,2026-08-17,2026-08-18,purchase,94.74,USD,completed,Globex Corp,,POS-EAST
TXN-00000168,BATCH-2026-08-17,ACCT-003115,2026-08-17,2026-08-18,purchase,28.66,EUR,completed,Fabrikam Supply,,POS-WEST
TXN-00001568,BATCH-2026-08-17,ACCT-004561,2026-08-16,2026-08-17,purchase,36.16,USD,completed,Acme Wholesale,,ACH-BATCH
TXN-00001359,BATCH-2026-08-17,ACCT-000708,2026-08-16,2026-08-17,purchase,130.47,USD,completed,Contoso Retail,,POS-WEST
TXN-00000340,BATCH-2026-08-17,ACCT-003723,2026-08-16,2026-08-18,transfer,19.63,USD,completed,Umbrella Logistics,,ACH-BATCH
TXN-00001118,BATCH-2026-08-17,ACCT-003195,2026-08-16,2026-08-17,purchase,19.78,USD,completed,Northwind Traders,,POS-EAST
TXN-00000140,BATCH-2026-08-17,ACCT-004449,2026-08-17,2026-08-17,purchase,15.07,USD,completed,Stark Utilities,,ONLINE-CHECKOUT
TXN-00001270,BATCH-2026-08-17,ACCT-000005,2026-08-16,2026-08-16,purchase,82.59,USD,reversed,Wonka Confections,,POS-EAST
TXN-00001304,BATCH-2026-08-17,ACCT-003168,2026-08-17,2026-08-17,transfer,-12.14,USD,pending,Stark Utilities,,POS-WEST
TXN-00000777,BATCH-2026-08-17,ACCT-002568,2026-08-17,2026-08-18,purchase,9.61,USD,completed,Wayne Hardware,,POS-EAST
TXN-00001608,BATCH-2026-08-17,ACCT-000612,2026-08-17,2026-08-17,purchase,19.73,USD,completed,Contoso Retail,,POS-WEST
TXN-00001737,BATCH-2026-08-17,ACCT-004764,2026-08-16,2026-08-17,purchase,27.51,CAD,pending,Hooli Cloud,,POS-EAST
TXN-00002000,BATCH-2026-08-17,ACCT-004921,2026-08-17,2026-08-17,purchase,17.80,USD,completed,Wayne Hardware,,POS-WEST
TXN-00000450,BATCH-2026-08-17,ACCT-004681,2026-08-17,2026-08-17,purchase,11.35,USD,completed,Globex Corp,,POS-WEST
TXN-00000710,BATCH-2026-08-17,ACCT-000056,2026-08-16,2026-08-17,purchase,17.82,EUR,completed,Umbrella Logistics,,POS-EAST
TXN-00000165,BATCH-2026-08-17,ACCT-004224,2026-08-16,2026-08-17,purchase,25.41,USD,completed,Fabrikam Supply,,ONLINE-CHECKOUT
TXN-00001507,BATCH-2026-08-17,ACCT-000231,2026-08-16,2026-08-16,refund,-25.37,USD,completed,Pied Piper Software,TXN-00000842,POS-EAST
TXN-00001126,BATCH-2026-08-17,ACCT-002464,2026-08-16,2026-08-16,refund,-17.92,CAD,completed,Globex Corp,TXN-00000859,POS-EAST
TXN-00001861,BATCH-2026-08-17,ACCT-002610,2026-08-17,2026-08-17,purchase,31.26,USD,pending,Initech Services,,ACH-BATCH
TXN-00000364,BATCH-2026-08-17,ACCT-003057,2026-08-16,2026-08-18,purchase,4.47,USD,completed,Northwind Traders,,POS-WEST
TXN-00001917,BATCH-2026-08-17,ACCT-003987,2026-08-17,2026-08-17,refund,-38.05,EUR,completed,Umbrella Logistics,TXN-00000411,ONLINE-CHECKOUT
TXN-00000026,BATCH-2026-08-17,ACCT-000849,2026-08-17,2026-08-18,purchase,84.38,USD,reversed,Fabrikam Supply,,ONLINE-CHECKOUT
TXN-00000519,BATCH-2026-08-17,ACCT-002587,2026-08-16,2026-08-16,purchase,81.19,USD,completed,Wonka Confections,,POS-EAST
TXN-00000511,BATCH-2026-08-17,ACCT-000640,2026-08-17,2026-08-17,purchase,44.70,CAD,completed,Pied Piper Software,,ONLINE-CHECKOUT
TXN-00000592,BATCH-2026-08-17,ACCT-003314,2026-08-16,2026-08-17,purchase,12.60,USD,completed,Stark Utilities,,ONLINE-CHECKOUT
TXN-00001767,BATCH-2026-08-17,ACCT-000016,2026-08-17,2026-08-17,purchase,96.45,CAD,completed,Umbrella Logistics,,POS-WEST
TXN-00001425,BATCH-2026-08-17,ACCT-004893,2026-08-17,2026-08-17,purchase,18.33,USD,completed,Wonka Confections,,POS-EAST
TXN-00001114,BATCH-2026-08-17,ACCT-003247,2026-08-16,2026-08-16,purchase,9.04,USD,completed,Stark Utilities,,POS-EAST
TXN-00001022,BATCH-2026-08-17,ACCT-001160,2026-08-16,2026-08-17,refund,-13.92,USD,completed,Initech Services,TXN-00000829,POS-WEST
TXN-00001397,BATCH-2026-08-17,ACCT-004349,2026-08-17,2026-08-17,purchase,26.32,USD,completed,Acme Wholesale,,ONLINE-CHECKOUT
TXN-00000790,BATCH-2026-08-17,ACCT-004395,2026-08-17,2026-08-17,purchase,40.91,CAD,completed,Wonka Confections,,ACH-BATCH
TXN-00001710,BATCH-2026-08-17,ACCT-003098,2026-08-17,2026-08-17,purchase,7.92,USD,completed,Initech Services,,ONLINE-CHECKOUT
TXN-00001799,BATCH-2026-08-17,ACCT-000689,2026-08-17,2026-08-19,purchase,16.10,USD,completed,Stark Utilities,,POS-EAST
TXN-00001361,BATCH-2026-08-17,ACCT-004804,2026-08-16,2026-08-16,refund,-6.56,USD,completed,Hooli Cloud,TXN-00000638,POS-EAST
TXN-00000434,BATCH-2026-08-17,ACCT-003358,2026-08-16,2026-08-17,purchase,11.65,USD,completed,Pied Piper Software,,ONLINE-CHECKOUT
TXN-00001894,BATCH-2026-08-17,ACCT-004852,2026-08-16,2026-08-16,purchase,33.97,USD,completed,Acme Wholesale,,POS-EAST
TXN-00001930,BATCH-2026-08-17,ACCT-001534,2026-08-17,2026-08-18,purchase,48.15,USD,completed,Northwind Traders,,POS-WEST
TXN-00001822,BATCH-2026-08-17,ACCT-003281,2026-08-16,2026-08-16,transfer,12.01,USD,completed,Contoso Retail,,ONLINE-CHECKOUT
TXN-00000589,BATCH-2026-08-17,ACCT-002381,2026-08-16,2026-08-17,purchase,20.21,USD,completed,Wayne Hardware,,POS-WEST
TXN-00001427,BATCH-2026-08-17,ACCT-004711,2026-08-17,2026-08-18,purchase,119.98,USD,completed,Initech Services,,POS-EAST
TXN-00000422,BATCH-2026-08-17,ACCT-001235,2026-08-16,2026-08-16,adjustment,82.89,EUR,completed,Northwind Traders,,ACH-BATCH
TXN-00000649,BATCH-2026-08-17,ACCT-003648,2026-08-16,2026-08-16,purchase,13.35,USD,completed,Stark Utilities,,ACH-BATCH
TXN-00000299,BATCH-2026-08-17,ACCT-000922,2026-08-16,2026-08-18,purchase,45.58,CAD,completed,Wayne Hardware,,POS-WEST
TXN-00001750,BATCH-2026-08-17,ACCT-001489,2026-08-16,2026-08-16,refund,-42.87,USD,completed,Wayne Hardware,TXN-00000314,ACH-BATCH
TXN-00000437,BATCH-2026-08-17,ACCT-002490,2026-08-16,2026-08-17,purchase,29.04,CAD,completed,Contoso Retail,,POS-WEST
TXN-00000366,BATCH-2026-08-17,ACCT-000552,2026-08-17,2026-08-17,purchase,27.33,USD,completed,Initech Services,,POS-EAST
TXN-00000955,BATCH-2026-08-17,ACCT-000557,2026-08-16,2026-08-18,purchase,6.73,USD,completed,Fabrikam Supply,,ONLINE-CHECKOUT
TXN-00001215,BATCH-2026-08-17,ACCT-000088,2026-08-16,2026-08-17,purchase,18.80,USD,completed,Hooli Cloud,,POS-EAST
TXN-00000238,BATCH-2026-08-17,ACCT-003597,2026-08-17,2026-08-17,fee,6.85,USD,completed,Contoso Retail,,POS-WEST
TXN-00001286,BATCH-2026-08-17,ACCT-000558,2026-08-17,2026-08-17,purchase,7.58,USD,completed,Stark Utilities,,POS-EAST
TXN-00000055,BATCH-2026-08-17,ACCT-004854,2026-08-16,2026-08-17,refund,-17.97,USD,completed,Initech Services,TXN-00001964,ONLINE-CHECKOUT
TXN-00001028,BATCH-2026-08-17,ACCT-000003,2026-08-16,2026-08-16,adjustment,30.18,USD,completed,Umbrella Logistics,,POS-EAST
TXN-00001667,BATCH-2026-08-17,ACCT-000963,2026-08-16,2026-08-16,purchase,17.95,USD,completed,Contoso Retail,,ONLINE-CHECKOUT
TXN-00000846,BATCH-2026-08-17,ACCT-004036,2026-08-17,2026-08-17,purchase,28.94,USD,completed,Wonka Confections,,POS-WEST
TXN-00000449,BATCH-2026-08-17,ACCT-002151,2026-08-17,2026-08-17,purchase,56.73,USD,completed,Contoso Retail,,ACH-BATCH
TXN-00001112,BATCH-2026-08-17,ACCT-002136,2026-08-17,2026-08-17,transfer,-21.29,USD,completed,Wonka Confections,,ONLINE-CHECKOUT
TXN-00001025,BATCH-2026-08-17,ACCT-000116,2026-08-16,2026-08-17,purchase,60.56,USD,completed,Globex Corp,,ONLINE-CHECKOUT
TXN-00001319,BATCH-2026-08-17,ACCT-000196,2026-08-16,2026-08-16,refund,-18.94,USD,completed,Umbrella Logistics,TXN-00001899,ACH-BATCH
TXN-00001931,BATCH-2026-08-17,ACCT-000635,2026-08-17,2026-08-17,refund,-35.77,EUR,reversed,Northwind Traders,TXN-00000788,ACH-BATCH
TXN-00000547,BATCH-2026-08-17,ACCT-002938,2026-08-16,2026-08-16,purchase,22.62,USD,pending,Initech Services,,POS-WEST
TXN-00001798,BATCH-2026-08-17,ACCT-002501,2026-08-16,2026-08-16,purchase,7.22,USD,completed,Fabrikam Supply,,ONLINE-CHECKOUT
TXN-00000333,BATCH-2026-08-17,ACCT-004661,2026-08-17,2026-08-17,purchase,83.71,USD,completed,Pied Piper Software,,ACH-BATCH
TXN-00001082,BATCH-2026-08-17,ACCT-001982,2026-08-16,2026-08-16,adjustment,20.10,USD,pending,Fabrikam Supply,,ACH-BATCH
TXN-00000898,BATCH-2026-08-17,ACCT-003358,2026-08-17,2026-08-18,purchase,63.24,USD,completed,Initech Services,,ONLINE-CHECKOUT
TXN-00001072,BATCH-2026-08-17,ACCT-001393,2026-08-16,2026-08-17,refund,-24.45,USD,completed,Pied Piper Software,TXN-92021922,ACH-BATCH
TXN-00000411,BATCH-2026-08-17,ACCT-001328,2026-08-16,2026-08-17,transfer,51.01,CAD,completed,Umbrella Logistics,,POS-WEST
TXN-00000204,BATCH-2026-08-17,ACCT-002251,2026-08-16,2026-08-17,purchase,21.34,USD,completed,Wonka Confections,,ONLINE-CHECKOUT
TXN-00001174,BATCH-2026-08-17,ACCT-000771,2026-08-16,2026-08-18,purchase,33.48,USD,completed,Wonka Confections,,ONLINE-CHECKOUT
TXN-00000668,BATCH-2026-08-17,ACCT-001022,2026-08-16,2026-08-16,fee,24.86,USD,completed,Stark Utilities,,ONLINE-CHECKOUT
TXN-00001813,BATCH-2026-08-17,ACCT-000607,2026-08-16,2026-08-17,transfer,-21.66,USD,completed,Fabrikam Supply,,ONLINE-CHECKOUT
TXN-00001907,BATCH-2026-08-17,ACCT-000037,2026-08-16,2026-08-17,purchase,55.51,USD,completed,Stark Utilities,,POS-EAST
TXN-00000105,BATCH-2026-08-17,ACCT-004558,2026-08-16,2026-08-16,refund,-173.95,USD,completed,Northwind Traders,TXN-00000043,ONLINE-CHECKOUT
TXN-00001467,BATCH-2026-08-17,ACCT-004443,2026-08-17,2026-08-19,purchase,36.03,CAD,pending,Wayne Hardware,,ONLINE-CHECKOUT
TXN-00001164,BATCH-2026-08-17,ACCT-004516,2026-08-16,2026-08-16,purchase,59.81,USD,completed,Acme Wholesale,,POS-WEST
TXN-00001942,BATCH-2026-08-17,ACCT-003066,2026-08-17,2026-08-17,purchase,19.51,EUR,completed,Pied Piper Software,,ONLINE-CHECKOUT
TXN-00000066,BATCH-2026-08-17,ACCT-003850,2026-08-17,2026-08-17,purchase,15.57,USD,completed,Initech Services,,POS-EAST
TXN-00000746,BATCH-2026-08-17,ACCT-002605,2026-08-16,2026-08-17,adjustment,-12.05,EUR,completed,Pied Piper Software,,ACH-BATCH
TXN-00000079,BATCH-2026-08-17,ACCT-003875,2026-08-17,2026-08-17,adjustment,3.92,EUR,completed,Hooli Cloud,,ACH-BATCH
TXN-00001806,BATCH-2026-08-17,ACCT-003919,2026-08-17,2026-08-17,adjustment,27.43,USD,completed,Globex Corp,,ONLINE-CHECKOUT
TXN-00000901,BATCH-2026-08-17,ACCT-004702,2026-08-17,2026-08-17,purchase,103.98,USD,completed,Pied Piper Software,,ACH-BATCH
TXN-00001046,BATCH-2026-08-17,ACCT-001528,2026-08-16,2026-08-16,purchase,94.52,USD,completed,Stark Utilities,,POS-WEST
TXN-00001127,BATCH-2026-08-17,ACCT-002649,2026-08-17,2026-08-19,purchase,9.15,CAD,completed,Northwind Traders,,POS-WEST
TXN-00000377,BATCH-2026-08-17,ACCT-002891,2026-08-16,2026-08-16,purchase,90.03,USD,completed,Umbrella Logistics,,ACH-BATCH
TXN-00000319,BATCH-2026-08-17,ACCT-004721,2026-08-17,2026-08-17,purchase,3.38,USD,completed,Fabrikam Supply,,ACH-BATCH
TXN-00001024,BATCH-2026-08-17,ACCT-003757,2026-08-17,2026-08-19,purchase,14.70,USD,completed,Umbrella Logistics,,POS-EAST
TXN-00000768,BATCH-2026-08-17,ACCT-001963,2026-08-16,2026-08-16,adjustment,37.62,USD,completed,Umbrella Logistics,,ACH-BATCH
TXN-00001170,BATCH-2026-08-17,ACCT-002496,2026-08-16,2026-08-16,purchase,20.90,USD,completed,Umbrella Logistics,,POS-WEST
TXN-00001654,BATCH-2026-08-17,ACCT-002548,2026-08-16,2026-08-17,purchase,-46.89,CAD,completed,Northwind Traders,,POS-EAST
TXN-00001556,BATCH-2026-08-17,ACCT-000520,2026-08-16,2026-08-16,transfer,29.05,USD,completed,Contoso Retail,,ONLINE-CHECKOUT
TXN-00000228,BATCH-2026-08-17,ACCT-003493,2026-08-17,2026-08-17,purchase,27.65,USD,completed,Stark Utilities,,POS-WEST
TXN-00000744,BATCH-2026-08-17,ACCT-002282,2026-08-17,2026-08-17,purchase,13.89,USD,completed,Pied Piper Software,,ONLINE-CHECKOUT
TXN-00000633,BATCH-2026-08-17,ACCT-001379,2026-08-16,2026-08-16,purchase,49.10,USD,completed,Hooli Cloud,,ONLINE-CHECKOUT
TXN-00000490,BATCH-2026-08-17,ACCT-003825,2026-08-17,2026-08-17,purchase,28.77,USD,completed,Northwind Traders,,POS-EAST
TXN-00001642,BATCH-2026-08-17,ACCT-003109,2026-08-16,2026-08-17,purchase,10.62,USD,completed,Umbrella Logistics,,ONLINE-CHECKOUT
TXN-00001865,BATCH-2026-08-17,ACCT-004439,2026-08-16,2026-08-17,purchase,33.02,USD,completed,Hooli Cloud,,ONLINE-CHECKOUT
TXN-00001080,BATCH-2026-08-17,ACCT-004664,2026-08-17,2026-08-17,purchase,17.11,USD,completed,Pied Piper Software,,ACH-BATCH
TXN-00000367,BATCH-2026-08-17,ACCT-000572,2026-08-16,2026-08-16,purchase,32.03,EUR,completed,Globex Corp,,ONLINE-CHECKOUT
TXN-00001485,BATCH-2026-08-17,ACCT-003916,2026-08-16,2026-08-16,purchase,65.54,USD,pending,Northwind Traders,,ONLINE-CHECKOUT
TXN-00000974,BATCH-2026-08-17,ACCT-001019,2026-08-16,2026-08-17,purchase,83.26,USD,completed,Initech Services,,ONLINE-CHECKOUT
TXN-00001823,BATCH-2026-08-17,ACCT-002857,2026-08-17,2026-08-17,adjustment,4.14,USD,completed,Wonka Confections,,ACH-BATCH
TXN-00001935,BATCH-2026-08-17,ACCT-002866,2026-08-16,2026-08-17,purchase,0.00,USD,failed,Acme Wholesale,,ONLINE-CHECKOUT
TXN-00000944,BATCH-2026-08-17,ACCT-000880,2026-08-16,2026-08-17,purchase,14.07,USD,completed,Stark Utilities,,ACH-BATCH
TXN-00000866,BATCH-2026-08-17,ACCT-002006,2026-08-17,2026-08-18,purchase,57.85,USD,completed,Hooli Cloud,,POS-EAST
TXN-00001704,BATCH-2026-08-17,ACCT-004065,2026-08-17,2026-08-17,refund,-32.36,USD,completed,Contoso Retail,TXN-00001902,POS-WEST
TXN-00000814,BATCH-2026-08-17,ACCT-001626,2026-08-17,2026-08-17,fee,20.92,USD,completed,Contoso Retail,,POS-WEST
TXN-00000737,BATCH-2026-08-17,ACCT-000940,2026-08-16,2026-08-16,purchase,20.88,USD,completed,Hooli Cloud,,POS-WEST
TXN-00000224,BATCH-2026-08-17,ACCT-001363,2026-08-17,2026-08-17,refund,-7.70,CAD,completed,Pied Piper Software,TXN-00000632,POS-EAST
TXN-00000175,BATCH-2026-08-17,ACCT-000824,2026-08-17,2026-08-17,purchase,15.28,USD,pending,Pied Piper Software,,POS-WEST
TXN-00001157,BATCH-2026-08-17,ACCT-001316,2026-08-17,2026-08-17,purchase,0.00,USD,failed,Globex Corp,,ONLINE-CHECKOUT
TXN-00001153,BATCH-2026-08-17,ACCT-003997,2026-08-16,2026-08-16,purchase,21.34,USD,completed,Wonka Confections,,ACH-BATCH
TXN-00001368,BATCH-2026-08-17,ACCT-001897,2026-08-17,2026-08-17,purchase,2.65,USD,completed,Northwind Traders,,ONLINE-CHECKOUT
TXN-00000499,BATCH-2026-08-17,ACCT-003952,2026-08-16,2026-08-16,refund,-15.32,USD,completed,Wayne Hardware,TXN-00000283,POS-EAST
TXN-00000014,BATCH-2026-08-17,ACCT-002172,2026-08-17,2026-08-17,refund,0.00,USD,failed,Wonka Confections,TXN-00000677,ACH-BATCH
TXN-00001712,BATCH-2026-08-17,ACCT-002848,2026-08-16,2026-08-18,purchase,54.31,USD,completed,Wayne Hardware,,POS-EAST
TXN-00000997,BATCH-2026-08-17,ACCT-004202,2026-08-17,2026-08-18,adjustment,14.27,USD,completed,Pied Piper Software,,POS-EAST
TXN-00000347,BATCH-2026-08-17,ACCT-002381,2026-08-16,2026-08-17,purchase,7.18,USD,completed,Pied Piper Software,,ONLINE-CHECKOUT
TXN-00000983,BATCH-2026-08-17,ACCT-002597,2026-08-17,2026-08-18,purchase,40.95,CAD,completed,Initech Services,,POS-WEST
TXN-00000231,BATCH-2026-08-17,ACCT-002851,2026-08-16,2026-08-16,purchase,37.19,CAD,completed,Umbrella Logistics,,ACH-BATCH
TXN-00000532,BATCH-2026-08-17,ACCT-003588,2026-08-17,2026-08-18,purchase,19.35,USD,completed,Hooli Cloud,,POS-WEST
TXN-00001914,BATCH-2026-08-17,ACCT-004904,2026-08-16,2026-08-17,purchase,60.74,USD,completed,Stark Utilities,,POS-WEST
TXN-00000629,BATCH-2026-08-17,ACCT-002779,2026-08-16,2026-08-17,purchase,8.98,USD,completed,Stark Utilities,,POS-WEST
TXN-00000700,BATCH-2026-08-17,ACCT-000598,2026-08-17,2026-08-18,purchase,25.53,USD,completed,Acme Wholesale,,ACH-BATCH
TXN-00000853,BATCH-2026-08-17,ACCT-001026,2026-08-16,2026-08-18,transfer,16.64,USD,completed,Hooli Cloud,,POS-WEST
TXN-00001439,BATCH-2026-08-17,ACCT-001158,2026-08-16,2026-08-16,purchase,45.16,USD,completed,Wayne Hardware,,ACH-BATCH
TXN-00001198,BATCH-2026-08-17,ACCT-003169,2026-08-16,2026-08-18,purchase,33.50,USD,completed,Stark Utilities,,POS-WEST
TXN-00000808,BATCH-2026-08-17,ACCT-001844,2026-08-17,2026-08-18,refund,-84.57,USD,completed,Fabrikam Supply,TXN-00001916,POS-EAST
TXN-00001463,BATCH-2026-08-17,ACCT-001305,2026-08-17,2026-08-17,refund,-33.01,USD,completed,Contoso Retail,TXN-00000339,ACH-BATCH
TXN-00001004,BATCH-2026-08-17,ACCT-002195,2026-08-16,2026-08-17,refund,-33.04,USD,completed,Wonka Confections,TXN-00001380,POS-WEST
TXN-00000249,BATCH-2026-08-17,ACCT-004615,2026-08-17,2026-08-18,purchase,-32.90,USD,completed,Northwind Traders,,POS-WEST
TXN-00001694,BATCH-2026-08-17,ACCT-002116,2026-08-16,2026-08-18,refund,0.00,USD,failed,Wayne Hardware,TXN-00001313,ACH-BATCH
TXN-00001663,BATCH-2026-08-17,ACCT-004649,2026-08-16,2026-08-16,purchase,19.92,USD,completed,Contoso Retail,,POS-WEST
TXN-00001434,BATCH-2026-08-17,ACCT-004543,2026-08-16,2026-08-17,purchase,9.62,USD,reversed,Northwind Traders,,ACH-BATCH
TXN-00000312,BATCH-2026-08-17,ACCT-002448,2026-08-16,2026-08-17,purchase,52.22,USD,completed,Globex Corp,,POS-WEST
TXN-00001739,BATCH-2026-08-17,ACCT-002134,2026-08-16,2026-08-17,refund,0.00,USD,failed,Wayne Hardware,TXN-00001550,POS-EAST
TXN-00001855,BATCH-2026-08-17,ACCT-004787,2026-08-17,2026-08-17,purchase,11.28,USD,completed,Wonka Confections,,ONLINE-CHECKOUT
TXN-00001386,BATCH-2026-08-17,ACCT-002228,2026-08-16,2026-08-17,purchase,16.75,USD,completed,Acme Wholesale,,POS-WEST
TXN-00000727,BATCH-2026-08-17,ACCT-004940,2026-08-16,2026-08-16,purchase,69.65,USD,completed,Acme Wholesale,,ACH-BATCH
TXN-00001632,BATCH-2026-08-17,ACCT-004819,2026-08-17,2026-08-19,purchase,7.62,USD,completed,Initech Services,,ACH-BATCH
TXN-00001677,BATCH-2026-08-17,ACCT-004822,2026-08-16,2026-08-17,purchase,15.57,USD,completed,Contoso Retail,,ONLINE-CHECKOUT
TXN-00000237,BATCH-2026-08-17,ACCT-003616,2026-08-16,2026-08-16,purchase,128.00,USD,completed,Wonka Confections,,POS-WEST
TXN-00000622,BATCH-2026-08-17,ACCT-003092,2026-08-16,2026-08-17,transfer,11.08,USD,completed,Acme Wholesale,,POS-WEST
TXN-00000567,BATCH-2026-08-17,ACCT-000329,2026-08-17,2026-08-18,adjustment,18.53,EUR,completed,Fabrikam Supply,,POS-EAST
TXN-00001332,BATCH-2026-08-17,ACCT-002111,2026-08-16,2026-08-16,purchase,50.09,USD,pending,Contoso Retail,,POS-WEST
TXN-00000851,BATCH-2026-08-17,ACCT-000109,2026-08-16,2026-08-16,refund,-45.51,USD,completed,Initech Services,TXN-00000414,POS-EAST
TXN-00001139,BATCH-2026-08-17,ACCT-003993,2026-08-16,2026-08-16,refund,55.36,USD,failed,Wonka Confections,TXN-00000308,ACH-BATCH
TXN-00000604,BATCH-2026-08-17,ACCT-004849,2026-08-16,2026-08-17,purchase,54.43,EUR,completed,Umbrella Logistics,,ONLINE-CHECKOUT
TXN-00000871,BATCH-2026-08-17,ACCT-001754,2026-08-16,2026-08-17,purchase,21.56,USD,completed,Pied Piper Software,,ONLINE-CHECKOUT
TXN-00001570,BATCH-2026-08-17,ACCT-003483,2026-08-16,2026-08-17,purchase,25.16,USD,completed,Fabrikam Supply,,POS-WEST
TXN-00001045,BATCH-2026-08-17,ACCT-004127,2026-08-16,2026-08-16,purchase,5.45,EUR,completed,Wonka Confections,,ONLINE-CHECKOUT
TXN-00001054,BATCH-2026-08-17,ACCT-001989,2026-08-17,2026-08-19,purchase,114.66,USD,completed,Contoso Retail,,ACH-BATCH
TXN-00001825,BATCH-2026-08-17,ACCT-001524,2026-08-17,2026-08-18,purchase,11.19,USD,completed,Umbrella Logistics,,ONLINE-CHECKOUT
TXN-00000466,BATCH-2026-08-17,ACCT-004026,2026-08-16,2026-08-17,purchase,6.58,USD,completed,Stark Utilities,,POS-WEST
TXN-00000049,BATCH-2026-08-17,ACCT-000671,2026-08-16,2026-08-16,purchase,81.81,USD,completed,Stark Utilities,,POS-EAST
TXN-00000847,BATCH-2026-08-17,ACCT-000903,2026-08-17,2026-08-18,purchase,205.71,USD,completed,Northwind Traders,,ONLINE-CHECKOUT
TXN-00001311,BATCH-2026-08-17,ACCT-002091,2026-08-17,2026-08-17,transfer,0.00,USD,failed,Stark Utilities,,POS-WEST
TXN-00001197,BATCH-2026-08-17,ACCT-001840,2026-08-17,2026-08-17,purchase,16.43,USD,completed,Pied Piper Software,,POS-EAST
TXN-00001755,BATCH-2026-08-17,ACCT-002124,2026-08-17,2026-08-17,purchase,18.44,USD,completed,Acme Wholesale,,POS-EAST
TXN-00000412,BATCH-2026-08-17,ACCT-002976,2026-08-16,2026-08-16,purchase,13.20,USD,completed,Hooli Cloud,,ACH-BATCH
TXN-00001163,BATCH-2026-08-17,ACCT-001794,2026-08-17,2026-08-18,fee,12.29,USD,completed,Globex Corp,,POS-WEST
TXN-00001474,BATCH-2026-08-17,ACCT-002807,2026-08-17,2026-08-17,purchase,51.88,USD,completed,Umbrella Logistics,,ONLINE-CHECKOUT
TXN-00001520,BATCH-2026-08-17,ACCT-000140,2026-08-16,2026-08-16,refund,-44.55,USD,completed,Contoso Retail,TXN-00000634,POS-WEST
TXN-00001408,BATCH-2026-08-17,ACCT-004909,2026-08-16,2026-08-16,purchase,22.12,USD,completed,Northwind Traders,,POS-EAST
TXN-00000138,BATCH-2026-08-17,ACCT-000364,2026-08-17,2026-08-18,purchase,0.00,USD,completed,Umbrella Logistics,,ONLINE-CHECKOUT
TXN-00001184,BATCH-2026-08-17,ACCT-003554,2026-08-16,2026-08-16,refund,-14.95,USD,completed,Hooli Cloud,TXN-00001782,POS-WEST
TXN-00001483,BATCH-2026-08-17,ACCT-000376,2026-08-17,2026-08-17,refund,-11.39,USD,completed,Northwind Traders,TXN-00001321,ONLINE-CHECKOUT
TXN-00001133,BATCH-2026-08-17,ACCT-000790,2026-08-19,2026-08-16,transfer,-35.89,USD,completed,Stark Utilities,,ACH-BATCH
TXN-00000397,BATCH-2026-08-17,ACCT-003759,2026-08-16,2026-08-17,adjustment,-136.82,EUR,completed,Pied Piper Software,,ACH-BATCH
TXN-00001029,BATCH-2026-08-17,ACCT-001973,2026-08-16,2026-08-16,transfer,-23.04,USD,completed,Wonka Confections,,ACH-BATCH
TXN-00000952,BATCH-2026-08-17,ACCT-000590,2026-08-17,2026-08-17,purchase,65.45,USD,completed,Umbrella Logistics,,POS-WEST
TXN-00000553,BATCH-2026-08-17,ACCT-004673,2026-08-17,2026-08-17,purchase,8.89,EUR,completed,Hooli Cloud,,POS-EAST
TXN-00000925,BATCH-2026-08-17,ACCT-003095,2026-08-16,2026-08-16,purchase,39.17,USD,completed,Pied Piper Software,,POS-EAST
TXN-00001625,BATCH-2026-08-17,ACCT-003640,2026-08-16,2026-08-16,purchase,15.45,CAD,completed,Initech Services,,POS-EAST
TXN-00001266,BATCH-2026-08-17,ACCT-001307,2026-08-17,2026-08-18,purchase,12.61,USD,completed,Acme Wholesale,,POS-WEST
TXN-00000103,BATCH-2026-08-17,ACCT-004142,2026-08-16,2026-08-16,purchase,30.36,USD,completed,Acme Wholesale,,ACH-BATCH
TXN-00001657,BATCH-2026-08-17,ACCT-000084,2026-08-17,2026-08-17,refund,-37.05,CAD,pending,Pied Piper Software,TXN-00001224,POS-WEST
TXN-00000561,BATCH-2026-08-17,ACCT-000176,2026-08-17,2026-08-17,purchase,15.33,USD,completed,Initech Services,,POS-WEST
TXN-00001726,BATCH-2026-08-17,ACCT-002445,2026-08-17,2026-08-19,fee,13.78,USD,completed,Globex Corp,,ONLINE-CHECKOUT
TXN-00000342,BATCH-2026-08-17,ACCT-002084,2026-08-17,2026-08-18,refund,-46.24,USD,completed,Acme Wholesale,TXN-00002000,POS-WEST
TXN-00001623,BATCH-2026-08-17,ACCT-000496,2026-08-17,2026-08-17,purchase,-74.82,CAD,completed,Wayne Hardware,,ONLINE-CHECKOUT
TXN-00001296,BATCH-2026-08-17,ACCT-002013,2026-08-16,2026-08-16,purchase,38.58,USD,completed,Wayne Hardware,,ACH-BATCH
TXN-00000618,BATCH-2026-08-17,ACCT-000657,2026-08-16,2026-08-17,transfer,49.09,USD,completed,Stark Utilities,,ACH-BATCH
TXN-00000684,BATCH-2026-08-17,ACCT-004545,2026-08-16,2026-08-16,adjustment,30.02,USD,completed,Pied Piper Software,,POS-WEST
TXN-00000647,BATCH-2026-08-17,ACCT-003236,2026-08-16,2026-08-16,purchase,86.62,USD,completed,Initech Services,,POS-EAST
TXN-00001476,BATCH-2026-08-17,ACCT-001594,2026-08-16,2026-08-17,purchase,47.26,USD,completed,Wonka Confections,,POS-EAST
TXN-00001565,BATCH-2026-08-17,ACCT-001480,2026-08-17,2026-08-17,adjustment,-12.54,USD,completed,Northwind Traders,,ACH-BATCH
TXN-00001525,BATCH-2026-08-17,ACCT-003699,2026-08-16,2026-08-18,purchase,18.36,USD,completed,Umbrella Logistics,,ACH-BATCH
TXN-00001358,BATCH-2026-08-17,ACCT-000683,2026-08-16,2026-08-16,purchase,22.76,USD,completed,Umbrella Logistics,,POS-EAST
TXN-00000956,BATCH-2026-08-17,ACCT-002155,2026-08-16,2026-08-16,purchase,7.88,CAD,failed,Pied Piper Software,,POS-EAST
TXN-00001928,BATCH-2026-08-17,ACCT-004971,2026-08-16,2026-08-17,purchase,38.78,USD,completed,Contoso Retail,,ACH-BATCH
TXN-00000244,BATCH-2026-08-17,ACCT-001018,2026-08-17,2026-08-17,refund,-55.21,USD,completed,Fabrikam Supply,TXN-00000180,ACH-BATCH
TXN-00001835,BATCH-2026-08-17,ACCT-000288,2026-08-17,2026-08-18,refund,0.00,EUR,failed,Globex Corp,TXN-00000937,ONLINE-CHECKOUT
TXN-00001295,BATCH-2026-08-17,ACCT-000961,2026-08-16,2026-08-16,purchase,21.76,USD,completed,Hooli Cloud,,ONLINE-CHECKOUT
TXN-00001857,BATCH-2026-08-17,ACCT-004209,2026-08-16,2026-08-17,purchase,10.48,USD,completed,Pied Piper Software,,ACH-BATCH
TXN-00000491,BATCH-2026-08-17,ACCT-002348,2026-08-16,2026-08-17,purchase,14.01,USD,completed,Initech Services,,ONLINE-CHECKOUT
TXN-00001379,BATCH-2026-08-17,ACCT-002894,2026-08-16,2026-08-16,transfer,6.94,USD,completed,Globex Corp,,POS-WEST
TXN-00000985,BATCH-2026-08-17,ACCT-004665,2026-08-16,2026-08-17,purchase,21.42,CAD,completed,Fabrikam Supply,,POS-WEST
TXN-00000160,BATCH-2026-08-17,ACCT-004086,2026-08-17,2026-08-18,refund,-24.40,USD,pending,Initech Services,TXN-00001487,ACH-BATCH
TXN-00001491,BATCH-2026-08-17,ACCT-000277,2026-08-17,2026-08-18,purchase,7.72,CAD,completed,Wonka Confections,,POS-WEST
TXN-00001284,BATCH-2026-08-17,ACCT-003201,2026-08-17,2026-08-17,purchase,12.72,EUR,completed,Northwind Traders,,ONLINE-CHECKOUT
TXN-00001601,BATCH-2026-08-17,ACCT-003662,2026-08-16,2026-08-16,purchase,13.57,USD,completed,Wonka Confections,,ONLINE-CHECKOUT
TXN-00000421,BATCH-2026-08-17,ACCT-000159,2026-08-16,2026-08-16,purchase,30.98,USD,completed,Fabrikam Supply,,POS-EAST
TXN-00000454,BATCH-2026-08-17,ACCT-001670,2026-08-16,2026-08-16,purchase,9.28,USD,completed,Wonka Confections,,ONLINE-CHECKOUT
TXN-00000525,BATCH-2026-08-17,ACCT-002109,2026-08-16,2026-08-17,purchase,75.61,USD,pending,Fabrikam Supply,,POS-EAST
TXN-00001436,BATCH-2026-08-17,ACCT-004703,2026-08-17,2026-08-17,purchase,9.53,USD,completed,Fabrikam Supply,,POS-EAST
TXN-00001247,BATCH-2026-08-17,ACCT-003244,2026-08-16,2026-08-16,purchase,7.70,USD,completed,Hooli Cloud,,POS-WEST
TXN-00000518,BATCH-2026-08-17,ACCT-004363,2026-08-16,2026-08-16,refund,-12.08,USD,completed,Globex Corp,TXN-00001474,ACH-BATCH
TXN-00001167,BATCH-2026-08-17,ACCT-004539,2026-08-16,2026-08-16,purchase,12.87,EUR,pending,Globex Corp,,ACH-BATCH
TXN-00000564,BATCH-2026-08-17,ACCT-001258,2026-08-17,2026-08-18,purchase,135.07,USD,completed,Fabrikam Supply,,POS-WEST
TXN-00000415,BATCH-2026-08-17,ACCT-002232,2026-08-16,2026-08-17,purchase,16.57,CAD,completed,Wonka Confections,,ACH-BATCH
TXN-00001818,BATCH-2026-08-17,ACCT-001702,2026-08-16,2026-08-16,transfer,28.84,USD,completed,Globex Corp,,ONLINE-CHECKOUT
TXN-00000400,BATCH-2026-08-17,ACCT-002175,2026-08-17,2026-08-17,purchase,4.25,CAD,completed,Globex Corp,,POS-WEST
TXN-00000810,BATCH-2026-08-17,ACCT-004660,2026-08-16,2026-08-16,transfer,-16.36,CAD,completed,Wayne Hardware,,POS-WEST
TXN-00001336,BATCH-2026-08-17,ACCT-000679,2027-08-17,2026-08-17,purchase,35.59,USD,completed,Contoso Retail,,POS-EAST
TXN-00001324,BATCH-2026-08-17,ACCT-002209,2026-08-17,2026-08-19,purchase,3.70,USD,completed,Northwind Traders,,POS-EAST
TXN-00001105,BATCH-2026-08-17,ACCT-004877,2026-08-17,2026-08-17,refund,-25.75,CAD,completed,Wayne Hardware,TXN-00000576,ONLINE-CHECKOUT
TXN-00000379,BATCH-2026-08-17,ACCT-000929,2026-08-17,2026-08-18,purchase,20.15,USD,completed,Stark Utilities,,ACH-BATCH
TXN-00000310,BATCH-2026-08-17,ACCT-002065,2026-08-16,2026-08-16,purchase,18.30,USD,pending,Globex Corp,,ACH-BATCH
TXN-00001245,BATCH-2026-08-17,ACCT-002318,2026-08-16,2026-08-16,purchase,50.86,USD,completed,Umbrella Logistics,,POS-EAST
TXN-00001940,BATCH-2026-08-17,ACCT-000847,2026-08-17,2026-08-17,fee,30.28,USD,completed,Acme Wholesale,,POS-WEST
TXN-00001985,BATCH-2026-08-17,ACCT-000133,2026-08-16,2026-08-16,purchase,65.48,USD,completed,Wonka Confections,,ACH-BATCH
TXN-00001753,BATCH-2026-08-17,ACCT-003363,2026-08-17,2026-08-17,refund,-17.18,USD,completed,Globex Corp,TXN-00000118,POS-EAST
TXN-00000506,BATCH-2026-08-17,ACCT-002952,2026-08-17,2026-08-17,purchase,0.00,USD,completed,Wayne Hardware,,POS-WEST
TXN-00001954,BATCH-2026-08-17,ACCT-002084,2026-08-17,2026-08-17,purchase,31.17,USD,completed,Pied Piper Software,,ONLINE-CHECKOUT
TXN-00001979,BATCH-2026-08-17,ACCT-003074,2026-08-16,2026-08-16,purchase,21.98,EUR,completed,Contoso Retail,,ACH-BATCH
TXN-00000598,BATCH-2026-08-17,ACCT-002890,2026-08-16,2026-08-16,purchase,30.75,USD,completed,Initech Services,,ONLINE-CHECKOUT
TXN-00000362,BATCH-2026-08-17,ACCT-000595,2026-08-17,2026-08-18,purchase,38.16,USD,completed,Umbrella Logistics,,POS-EAST
TXN-00000068,BATCH-2026-08-17,ACCT-004663,2026-08-16,2026-08-17,purchase,7.51,USD,completed,Initech Services,,ACH-BATCH
TXN-00000933,BATCH-2026-08-17,ACCT-001635,2026-08-16,2026-08-17,purchase,12.66,USD,completed,Initech Services,,ONLINE-CHECKOUT
TXN-00001678,BATCH-2026-08-17,ACCT-001290,2026-08-17,2026-08-19,purchase,29.12,USD,completed,Wayne Hardware,,POS-EAST
TXN-00000216,BATCH-2026-08-17,ACCT-001138,2026-08-17,2026-08-17,purchase,10.76,USD,completed,Initech Services,,ONLINE-CHECKOUT
TXN-00001486,BATCH-2026-08-17,ACCT-003508,2026-08-16,2026-08-16,purchase,67.87,USD,completed,Wayne Hardware,,POS-EAST
TXN-00000464,BATCH-2026-08-17,ACCT-002243,2026-08-16,2026-08-17,transfer,19.58,USD,completed,Fabrikam Supply,,POS-WEST
TXN-00001273,BATCH-2026-08-17,ACCT-004831,2026-08-16,2026-08-16,purchase,18.59,USD,completed,Stark Utilities,,POS-EAST
TXN-00001909,BATCH-2026-08-17,ACCT-003483,2026-08-17,2026-08-17,purchase,17.40,USD,completed,Acme Wholesale,,POS-EAST
TXN-00000845,BATCH-2026-08-17,ACCT-003943,2026-08-17,2026-08-17,purchase,0.00,USD,failed,Hooli Cloud,,ACH-BATCH
TXN-00001262,BATCH-2026-08-17,ACCT-004579,2026-08-17,2026-08-19,adjustment,-4.90,USD,completed,Hooli Cloud,,ACH-BATCH
TXN-00001779,BATCH-2026-08-17,ACCT-003588,2026-08-16,2026-08-16,purchase,72.56,USD,completed,Acme Wholesale,,ACH-BATCH
TXN-00000080,BATCH-2026-08-17,ACCT-004835,2026-08-17,2026-08-17,purchase,5.83,USD,completed,Umbrella Logistics,,POS-EAST
TXN-00001288,BATCH-2026-08-17,ACCT-001044,2026-08-16,2026-08-16,refund,-84.35,USD,completed,Stark Utilities,TXN-00001157,ACH-BATCH
TXN-00000942,BATCH-2026-08-17,ACCT-001010,2026-08-16,2026-08-17,purchase,179.45,USD,completed,Wayne Hardware,,POS-WEST
TXN-00001242,BATCH-2026-08-17,ACCT-001210,2026-08-16,2026-08-16,purchase,13.46,USD,completed,Stark Utilities,,ACH-BATCH
TXN-00000939,BATCH-2026-08-17,ACCT-004058,2026-08-17,2026-08-18,refund,-25.98,USD,completed,Fabrikam Supply,TXN-00000681,POS-WEST
TXN-00001394,BATCH-2026-08-17,ACCT-001470,2026-08-17,2026-08-17,fee,3.26,USD,completed,Globex Corp,,POS-WEST
TXN-00001802,BATCH-2026-08-17,ACCT-004001,2026-08-16,2026-08-16,purchase,12.34,USD,completed,Wonka Confections,,POS-EAST
TXN-00000905,BATCH-2026-08-17,ACCT-003724,2026-08-16,2026-08-16,purchase,9.05,USD,completed,Stark Utilities,,POS-EAST
TXN-00001390,BATCH-2026-08-17,ACCT-002298,2026-08-17,2026-08-17,purchase,73.17,USD,completed,Pied Piper Software,,ACH-BATCH
TXN-00000824,BATCH-2026-08-17,ACCT-000715,2026-08-16,2026-08-16,purchase,10.67,USD,completed,Contoso Retail,,POS-WEST
TXN-00000073,BATCH-2026-08-17,ACCT-001537,2026-08-17,2026-08-18,purchase,27.44,USD,completed,Wonka Confections,,ONLINE-CHECKOUT
TXN-00001751,BATCH-2026-08-17,ACCT-004080,2026-08-16,2026-08-16,purchase,12.76,CAD,completed,Stark Utilities,,ONLINE-CHECKOUT
TXN-00000721,BATCH-2026-08-17,ACCT-002176,2026-08-16,2026-08-16,purchase,6.59,USD,completed,Pied Piper Software,,POS-EAST
TXN-00001218,BATCH-2026-08-17,ACCT-000533,2026-08-17,2026-08-17,refund,-15.15,CAD,pending,Fabrikam Supply,TXN-00001602,POS-WEST
TXN-00001192,BATCH-2026-08-17,ACCT-003572,2026-08-17,2026-08-17,purchase,33.80,USD,completed,Acme Wholesale,,ONLINE-CHECKOUT
TXN-00001062,BATCH-2026-08-17,ACCT-003728,2026-08-16,2026-08-16,purchase,144.51,CAD,completed,Wayne Hardware,,POS-EAST
TXN-00001951,BATCH-2026-08-17,ACCT-004367,2026-08-16,2026-08-17,refund,-37.43,USD,completed,Initech Services,TXN-00000860,ONLINE-CHECKOUT
TXN-00000989,BATCH-2026-08-17,ACCT-000371,2026-08-16,2026-08-16,purchase,35.46,USD,completed,Contoso Retail,,ONLINE-CHECKOUT
TXN-00001975,BATCH-2026-08-17,ACCT-001121,2026-08-17,2026-08-17,purchase,18.92,USD,completed,Wayne Hardware,,POS-EAST
TXN-00000688,BATCH-2026-08-17,ACCT-002608,2026-08-17,2026-08-18,purchase,9.96,USD,completed,Pied Piper Software,,ONLINE-CHECKOUT
TXN-00000057,BATCH-2026-08-17,ACCT-004554,2026-08-16,2026-08-16,purchase,84.63,USD,completed,Northwind Traders,,POS-WEST
TXN-00001424,BATCH-2026-08-17,ACCT-000069,2026-08-16,2026-08-18,refund,-50.16,USD,completed,Northwind Traders,TXN-00000625,POS-WEST
TXN-00001936,BATCH-2026-08-17,ACCT-000713,2026-08-17,2026-08-17,purchase,23.98,USD,completed,Fabrikam Supply,,POS-EAST
TXN-00001258,BATCH-2026-08-17,ACCT-000184,2026-08-16,2026-08-17,purchase,18.68,USD,completed,Initech Services,,POS-EAST
TXN-00001176,BATCH-2026-08-17,ACCT-001268,2026-08-16,2026-08-16,transfer,0.00,USD,failed,Acme Wholesale,,ONLINE-CHECKOUT
TXN-00001492,BATCH-2026-08-17,ACCT-003139,2026-08-17,2026-08-17,purchase,12.26,USD,completed,Wayne Hardware,,ACH-BATCH
TXN-00000819,BATCH-2026-08-17,ACCT-004116,2026-08-16,2026-08-16,refund,-131.28,USD,reversed,Acme Wholesale,TXN-99373419,POS-WEST
TXN-00001918,BATCH-2026-08-17,ACCT-002657,2026-08-16,2026-08-16,fee,9.54,USD,completed,Hooli Cloud,,ACH-BATCH
TXN-00001690,BATCH-2026-08-17,ACCT-004981,2026-08-17,2026-08-18,purchase,9.01,USD,completed,Fabrikam Supply,,POS-EAST
TXN-00000439,BATCH-2026-08-17,ACCT-001478,2026-08-16,2026-08-17,refund,-21.64,USD,completed,Wonka Confections,TXN-00001227,ACH-BATCH
TXN-00001887,BATCH-2026-08-17,ACCT-003100,2026-08-17,2026-08-17,purchase,15.22,USD,completed,Wonka Confections,,POS-WEST
TXN-00001831,BATCH-2026-08-17,ACCT-000951,2026-08-17,2026-08-17,purchase,14.73,USD,completed,Wonka Confections,,POS-WEST
TXN-00000726,BATCH-2026-08-17,ACCT-002906,2026-08-17,2026-08-17,purchase,51.11,USD,completed,Umbrella Logistics,,POS-WEST
TXN-00000037,BATCH-2026-08-17,ACCT-001426,2026-08-17,2026-08-17,purchase,36.97,USD,completed,Acme Wholesale,,ONLINE-CHECKOUT
TXN-00001340,BATCH-2026-08-17,ACCT-004966,2026-08-17,2026-08-18,purchase,17.19,USD,completed,Initech Services,,POS-WEST
TXN-00000587,BATCH-2026-08-17,ACCT-001482,2026-08-16,2026-08-16,adjustment,-31.38,CAD,pending,Umbrella Logistics,,ACH-BATCH
TXN-00001915,BATCH-2026-08-17,ACCT-003790,2026-08-16,2026-08-16,purchase,50.75,USD,completed,Stark Utilities,,POS-WEST
TXN-00001478,BATCH-2026-08-17,ACCT-003032,2026-08-17,2026-08-18,purchase,0.00,USD,failed,Contoso Retail,,POS-WEST
TXN-00000234,BATCH-2026-08-17,ACCT-000079,2026-08-16,2026-08-17,purchase,96.64,USD,completed,Stark Utilities,,POS-WEST
TXN-00000176,BATCH-2026-08-17,ACCT-001634,2026-08-16,2026-08-17,purchase,75.26,CAD,completed,Initech Services,,ONLINE-CHECKOUT
TXN-00000156,BATCH-2026-08-17,ACCT-004470,2026-08-17,2026-08-18,adjustment,17.17,USD,completed,Initech Services,,ONLINE-CHECKOUT
TXN-00001760,BATCH-2026-08-17,ACCT-004297,2026-08-17,2026-08-18,refund,-88.03,USD,completed,Stark Utilities,TXN-00000430,POS-WEST
TXN-00000594,BATCH-2026-08-17,ACCT-000790,2026-08-17,2026-08-17,refund,-34.01,USD,completed,Contoso Retail,TXN-97525486,ACH-BATCH
TXN-00001026,BATCH-2026-08-17,ACCT-001660,2026-08-16,2026-08-16,purchase,31.92,USD,pending,Contoso Retail,,POS-WEST
TXN-00000640,BATCH-2026-08-17,ACCT-001527,2026-08-16,2026-08-16,purchase,20.30,USD,completed,Wayne Hardware,,ACH-BATCH
TXN-00001643,BATCH-2026-08-17,ACCT-001814,2026-08-16,2026-08-16,purchase,35.43,USD,completed,Initech Services,,ONLINE-CHECKOUT
TXN-00001470,BATCH-2026-08-17,ACCT-000639,2026-08-17,2026-08-17,purchase,31.38,USD,completed,Acme Wholesale,,POS-EAST
TXN-00001700,BATCH-2026-08-17,ACCT-004677,2026-08-17,2026-08-17,purchase,14.18,USD,completed,Hooli Cloud,,ACH-BATCH
TXN-00001768,BATCH-2026-08-17,ACCT-003747,2026-08-17,2026-08-17,adjustment,14.58,USD,completed,Wayne Hardware,,POS-WEST
TXN-00001199,BATCH-2026-08-17,ACCT-002951,2026-08-16,2026-08-16,purchase,75.76,USD,completed,Globex Corp,,POS-WEST
TXN-00000148,BATCH-2026-08-17,ACCT-000720,2026-08-16,2026-08-17,refund,-4.21,USD,completed,Pied Piper Software,TXN-00000426,ONLINE-CHECKOUT
TXN-00001043,BATCH-2026-08-17,ACCT-002417,2026-08-17,2026-08-18,purchase,15.83,USD,completed,Initech Services,,ACH-BATCH
TXN-00000967,BATCH-2026-08-17,ACCT-001163,2026-08-17,2026-08-17,purchase,26.93,EUR,completed,Northwind Traders,,POS-WEST
TXN-00000137,BATCH-2026-08-17,ACCT-003059,2026-08-17,2026-08-17,refund,-21.62,USD,completed,Initech Services,TXN-95209474,POS-EAST
TXN-00000242,BATCH-2026-08-17,ACCT-002935,2026-08-17,2026-08-18,purchase,20.27,USD,completed,Contoso Retail,,ACH-BATCH
TXN-00000157,BATCH-2026-08-17,ACCT-003405,2026-08-16,2026-08-16,purchase,34.67,USD,completed,Stark Utilities,,ACH-BATCH
TXN-00001542,BATCH-2026-08-17,ACCT-000225,2026-08-17,2026-08-17,refund,-115.83,USD,completed,Pied Piper Software,TXN-00000937,ONLINE-CHECKOUT
TXN-00001989,BATCH-2026-08-17,ACCT-000122,2026-08-17,2026-08-17,purchase,64.20,USD,completed,Stark Utilities,,POS-WEST
TXN-00000857,BATCH-2026-08-17,ACCT-002314,2026-08-16,2026-08-16,purchase,7.54,USD,completed,Wayne Hardware,,POS-WEST
TXN-00001250,BATCH-2026-08-17,ACCT-004774,2026-08-17,2026-08-17,purchase,29.22,USD,completed,Stark Utilities,,POS-EAST
TXN-00000914,BATCH-2026-08-17,ACCT-002176,2026-08-17,2026-08-17,purchase,0.00,USD,failed,Contoso Retail,,POS-EAST
TXN-00001168,BATCH-2026-08-17,ACCT-001404,2026-08-16,2026-08-16,purchase,2.99,USD,completed,Northwind Traders,,ACH-BATCH
TXN-00001607,BATCH-2026-08-17,ACCT-004182,2026-08-17,2026-08-18,purchase,48.73,USD,completed,Umbrella Logistics,,POS-EAST
TXN-00000981,BATCH-2026-08-17,ACCT-004164,2026-08-17,2026-08-17,purchase,12.83,CAD,completed,Acme Wholesale,,ONLINE-CHECKOUT
TXN-00001775,BATCH-2026-08-17,ACCT-004862,2026-08-16,2026-08-18,purchase,39.03,USD,completed,Wayne Hardware,,POS-WEST
TXN-00000349,BATCH-2026-08-17,ACCT-000873,2026-08-16,2026-08-17,purchase,21.73,USD,pending,Northwind Traders,,ACH-BATCH
TXN-00000842,BATCH-2026-08-17,ACCT-004346,2026-08-17,2026-08-18,purchase,29.85,USD,completed,Umbrella Logistics,,POS-WEST
TXN-00000371,BATCH-2026-08-17,ACCT-004767,2026-08-17,2026-08-18,purchase,106.19,USD,completed,Acme Wholesale,,ACH-BATCH
TXN-00001938,BATCH-2026-08-17,ACCT-001683,2026-08-16,2026-08-17,purchase,27.59,USD,completed,Acme Wholesale,,ACH-BATCH
TXN-00001637,BATCH-2026-08-17,ACCT-004469,2026-08-16,2026-08-17,purchase,30.51,EUR,pending,Umbrella Logistics,,ONLINE-CHECKOUT
TXN-00001015,BATCH-2026-08-17,ACCT-004734,2026-08-17,2026-08-19,transfer,101.60,USD,failed,Northwind Traders,,ACH-BATCH
TXN-00001322,BATCH-2026-08-17,ACCT-000436,2026-08-17,2026-08-18,purchase,0.00,USD,failed,Umbrella Logistics,,ACH-BATCH
TXN-00000302,BATCH-2026-08-17,ACCT-004028,2026-08-16,2026-08-18,transfer,49.56,USD,completed,Hooli Cloud,,POS-EAST
TXN-00001548,BATCH-2026-08-17,ACCT-004837,2026-08-17,2026-08-19,purchase,25.37,USD,completed,Initech Services,,POS-WEST
TXN-00000947,BATCH-2026-08-17,ACCT-002482,2026-08-16,2026-08-16,purchase,46.71,USD,completed,Wayne Hardware,,POS-EAST
TXN-00001041,BATCH-2026-08-17,ACCT-000666,2026-08-17,2026-08-18,purchase,12.22,EUR,completed,Hooli Cloud,,POS-WEST
TXN-00001807,BATCH-2026-08-17,ACCT-003257,2026-08-16,2026-08-16,purchase,19.62,USD,completed,Acme Wholesale,,POS-EAST
TXN-00001051,BATCH-2026-08-17,ACCT-000741,2026-08-17,2026-08-19,adjustment,-10.41,USD,completed,Initech Services,,POS-WEST
TXN-00001920,BATCH-2026-08-17,ACCT-003649,2026-08-16,2026-08-18,transfer,21.36,USD,completed,Pied Piper Software,,ACH-BATCH
TXN-00001838,BATCH-2026-08-17,ACCT-000190,2026-08-17,2026-08-17,purchase,35.30,EUR,completed,Fabrikam Supply,,POS-WEST
TXN-00000543,BATCH-2026-08-17,ACCT-001717,2026-08-16,2026-08-16,purchase,8.31,USD,completed,Wayne Hardware,,ONLINE-CHECKOUT
TXN-00001586,BATCH-2026-08-17,ACCT-003247,2026-08-17,2026-08-18,purchase,52.70,USD,completed,Stark Utilities,,ACH-BATCH
TXN-00000095,BATCH-2026-08-17,ACCT-003344,2026-08-16,2026-08-16,purchase,103.37,CAD,completed,Initech Services,,POS-EAST
TXN-00001982,BATCH-2026-08-17,ACCT-004605,2026-08-17,2026-08-17,adjustment,18.01,USD,completed,Wayne Hardware,,POS-EAST
TXN-00001666,BATCH-2026-08-17,ACCT-001545,2026-08-17,2026-08-17,refund,0.00,USD,completed,Hooli Cloud,TXN-00000649,POS-WEST
TXN-00000698,BATCH-2026-08-17,ACCT-000610,2026-08-17,2026-08-19,purchase,6.27,USD,completed,Globex Corp,,POS-WEST
TXN-00001385,BATCH-2026-08-17,ACCT-004538,2026-08-17,2026-08-18,refund,-70.30,USD,completed,Wayne Hardware,TXN-00001579,ONLINE-CHECKOUT
TXN-00000962,BATCH-2026-08-17,ACCT-004393,2026-08-17,2026-08-17,purchase,4.63,USD,pending,Acme Wholesale,,POS-EAST
TXN-00001103,BATCH-2026-08-17,ACCT-002517,2026-08-17,2026-08-17,purchase,11.17,USD,completed,Wonka Confections,,ONLINE-CHECKOUT
TXN-00001853,BATCH-2026-08-17,ACCT-003887,2026-08-17,2026-08-19,purchase,48.15,USD,completed,Fabrikam Supply,,ACH-BATCH
TXN-00001587,BATCH-2026-08-17,ACCT-002945,2026-08-16,2026-08-16,purchase,12.45,USD,completed,Initech Services,,ONLINE-CHECKOUT
TXN-00000187,BATCH-2026-08-17,ACCT-003444,2026-08-16,2026-08-16,purchase,13.34,CAD,completed,Umbrella Logistics,,ACH-BATCH
TXN-00001801,BATCH-2026-08-17,ACCT-002424,2026-08-16,2026-08-17,purchase,2.06,USD,completed,Contoso Retail,,ACH-BATCH
TXN-00000394,BATCH-2026-08-17,ACCT-003238,2026-08-17,2026-08-17,purchase,13.79,USD,completed,Wayne Hardware,,POS-WEST
TXN-00000003,BATCH-2026-08-17,ACCT-000793,2026-08-16,2026-08-16,refund,-18.58,USD,completed,Umbrella Logistics,TXN-00001512,ONLINE-CHECKOUT
TXN-00000717,BATCH-2026-08-17,ACCT-004305,2026-08-16,2026-08-16,refund,-4.38,USD,completed,Hooli Cloud,TXN-00001377,ACH-BATCH
TXN-00001849,BATCH-2026-08-17,ACCT-004173,2026-08-17,2026-08-17,purchase,20.24,USD,completed,Stark Utilities,,POS-EAST
TXN-00000455,BATCH-2026-08-17,ACCT-002093,2026-08-17,2026-08-17,purchase,92.28,EUR,completed,Fabrikam Supply,,POS-EAST
TXN-00000870,BATCH-2026-08-17,ACCT-002065,2026-08-16,2026-08-17,fee,49.01,USD,completed,Pied Piper Software,,POS-WEST
TXN-00001188,BATCH-2026-08-17,ACCT-003240,2026-08-17,2026-08-18,purchase,23.44,USD,completed,Northwind Traders,,ACH-BATCH
TXN-00000215,BATCH-2026-08-17,ACCT-002658,2026-08-17,2026-08-17,purchase,30.20,USD,completed,Wayne Hardware,,POS-EAST
TXN-00001455,BATCH-2026-08-17,ACCT-004467,2026-08-16,2026-08-16,purchase,-10.33,USD,completed,Initech Services,,ONLINE-CHECKOUT
TXN-00000300,BATCH-2026-08-17,ACCT-002344,2026-08-17,2026-08-19,purchase,27.32,USD,completed,Wonka Confections,,ONLINE-CHECKOUT
TXN-00000493,BATCH-2026-08-17,ACCT-000238,2026-08-17,2026-08-17,purchase,26.21,USD,pending,Stark Utilities,,POS-EAST
TXN-00000859,BATCH-2026-08-17,ACCT-000765,2026-08-17,2026-08-17,purchase,9.01,USD,completed,Hooli Cloud,,POS-WEST
TXN-00000928,BATCH-2026-08-17,ACCT-003821,2026-08-17,2026-08-19,purchase,24.40,USD,completed,Pied Piper Software,,POS-WEST
TXN-00000972,BATCH-2026-08-17,ACCT-003124,2026-08-16,2026-08-16,adjustment,106.20,USD,pending,Stark Utilities,,POS-WEST
TXN-00000170,BATCH-2026-08-17,ACCT-003766,2026-08-17,2026-08-17,transfer,-23.25,USD,completed,Wonka Confections,,ONLINE-CHECKOUT
TXN-00000287,BATCH-2026-08-17,ACCT-003590,2026-08-16,2026-08-17,purchase,35.08,USD,completed,Hooli Cloud,,ACH-BATCH
TXN-00000775,BATCH-2026-08-17,ACCT-002727,2026-08-16,2026-08-17,transfer,-36.81,USD,completed,Globex Corp,,POS-EAST
TXN-00001981,BATCH-2026-08-17,ACCT-004256,2026-08-17,2026-08-17,purchase,8.81,EUR,completed,Umbrella Logistics,,POS-EAST
TXN-00000734,BATCH-2026-08-17,ACCT-004659,2026-08-16,2026-08-16,purchase,53.35,USD,completed,Contoso Retail,,ACH-BATCH
TXN-00000386,BATCH-2026-08-17,ACCT-000687,2026-08-17,2026-08-17,purchase,4.86,USD,completed,Initech Services,,ACH-BATCH
TXN-00001019,BATCH-2026-08-17,ACCT-003957,2026-08-16,2026-08-18,refund,-11.50,USD,completed,Wonka Confections,TXN-00001051,POS-EAST
TXN-00000740,BATCH-2026-08-17,ACCT-003622,2026-08-17,2026-08-18,purchase,89.69,USD,completed,Hooli Cloud,,POS-EAST
TXN-00000370,BATCH-2026-08-17,ACCT-001147,2026-08-17,2026-08-17,purchase,69.45,USD,completed,Wonka Confections,,POS-WEST
TXN-00001659,BATCH-2026-08-17,ACCT-001589,2026-08-17,2026-08-18,purchase,9.24,USD,completed,Northwind Traders,,POS-WEST
TXN-00000755,BATCH-2026-08-17,ACCT-002460,2026-08-17,2026-08-18,purchase,7.00,USD,completed,Acme Wholesale,,POS-WEST
TXN-00000032,BATCH-2026-08-17,ACCT-003771,2026-08-17,2026-08-18,purchase,2.37,USD,completed,Umbrella Logistics,,ONLINE-CHECKOUT
TXN-00001519,BATCH-2026-08-17,ACCT-000541,2026-08-16,2026-08-18,purchase,16.88,USD,completed,Hooli Cloud,,POS-EAST
TXN-00000913,BATCH-2026-08-17,ACCT-002277,2026-08-16,2026-08-17,transfer,26.96,USD,completed,Wayne Hardware,,POS-WEST
TXN-00001012,BATCH-2026-08-17,ACCT-001244,2026-08-17,2026-08-17,purchase,89.16,USD,completed,Contoso Retail,,ACH-BATCH
TXN-00000226,BATCH-2026-08-17,ACCT-003731,2026-08-17,2026-08-17,purchase,10.98,USD,completed,Globex Corp,,ACH-BATCH
TXN-00000785,BATCH-2026-08-17,ACCT-001379,2026-08-17,2026-08-18,refund,-82.59,USD,completed,Northwind Traders,TXN-00001206,POS-EAST
TXN-00001376,BATCH-2026-08-17,ACCT-004754,2026-08-16,2026-08-17,purchase,46.41,USD,completed,Contoso Retail,,POS-WEST
TXN-00000251,BATCH-2026-08-17,ACCT-002269,2026-08-16,2026-08-18,purchase,17.58,USD,completed,Pied Piper Software,,POS-EAST
TXN-00001664,BATCH-2026-08-17,ACCT-003222,2026-08-17,2026-08-17,adjustment,-28.21,USD,completed,Stark Utilities,,POS-EAST
TXN-00001450,BATCH-2026-08-17,ACCT-001066,2026-08-16,2026-08-16,purchase,48.91,USD,completed,Acme Wholesale,,POS-WEST
TXN-00001645,BATCH-2026-08-17,ACCT-000956,2026-08-16,2026-08-16,purchase,15.37,USD,completed,Contoso Retail,,ACH-BATCH
TXN-00000109,BATCH-2026-08-17,ACCT-000252,2026-08-17,2026-08-17,adjustment,-20.52,USD,completed,Contoso Retail,,POS-WEST
TXN-00001400,BATCH-2026-08-17,ACCT-001108,2026-08-17,2026-08-17,refund,-15.42,USD,completed,Northwind Traders,TXN-00000037,POS-WEST
TXN-00001830,BATCH-2026-08-17,ACCT-001754,2026-08-17,2026-08-18,purchase,26.67,USD,completed,Northwind Traders,,ONLINE-CHECKOUT
TXN-00001496,BATCH-2026-08-17,ACCT-004529,2026-08-17,2026-08-17,purchase,24.04,CAD,completed,Stark Utilities,,ONLINE-CHECKOUT
TXN-00000714,BATCH-2026-08-17,ACCT-003066,2026-08-16,2026-08-17,purchase,11.41,USD,completed,Umbrella Logistics,,ACH-BATCH
TXN-00000406,BATCH-2026-08-17,ACCT-004550,2026-08-17,2026-08-18,purchase,139.80,USD,completed,Wayne Hardware,,ACH-BATCH
TXN-00001879,BATCH-2026-08-17,ACCT-002664,2026-08-16,2026-08-16,purchase,46.69,CAD,completed,Globex Corp,,ONLINE-CHECKOUT
TXN-00001098,BATCH-2026-08-17,ACCT-003621,2026-08-16,2026-08-17,purchase,6.93,USD,completed,Contoso Retail,,ACH-BATCH
TXN-00000657,BATCH-2026-08-17,ACCT-000383,2026-08-16,2026-08-16,purchase,16.74,USD,unknown_status_24,Wonka Confections,,ONLINE-CHECKOUT
TXN-00001364,BATCH-2026-08-17,ACCT-004519,2026-08-17,2026-08-17,purchase,22.38,USD,completed,Hooli Cloud,,ONLINE-CHECKOUT
TXN-00001868,BATCH-2026-08-17,ACCT-004697,2026-08-16,2026-08-17,purchase,18.06,USD,completed,Initech Services,,POS-WEST
TXN-00000621,BATCH-2026-08-17,ACCT-002617,2026-08-17,2026-08-18,purchase,97.82,USD,completed,Stark Utilities,,ACH-BATCH
TXN-00000860,BATCH-2026-08-17,ACCT-004287,2026-08-17,2026-08-19,transfer,-33.92,USD,completed,Umbrella Logistics,,ACH-BATCH
TXN-00000133,BATCH-2026-08-17,ACCT-003675,2026-08-16,2026-08-17,refund,-3.69,USD,completed,Acme Wholesale,TXN-00001174,POS-EAST
TXN-00000742,BATCH-2026-08-17,ACCT-000792,2026-08-16,2026-08-16,purchase,33.00,USD,completed,Pied Piper Software,,POS-WEST
TXN-00000773,BATCH-2026-08-17,ACCT-004496,2026-08-17,2026-08-17,purchase,47.27,USD,completed,Stark Utilities,,POS-WEST
TXN-00000535,BATCH-2026-08-17,ACCT-000410,2026-08-17,2026-08-17,adjustment,35.07,USD,completed,Initech Services,,POS-EAST
TXN-00000513,BATCH-2026-08-17,ACCT-002134,2026-08-17,2026-08-18,adjustment,-30.47,USD,completed,Northwind Traders,,ACH-BATCH
TXN-00000004,BATCH-2026-08-17,ACCT-002963,2026-08-17,2026-08-19,purchase,16.14,USD,completed,Acme Wholesale,,POS-WEST
TXN-00001883,BATCH-2026-08-17,ACCT-003174,2026-08-16,2026-08-18,transfer,-26.98,USD,completed,Umbrella Logistics,,ACH-BATCH
TXN-00000163,BATCH-2026-08-17,ACCT-002292,2026-08-16,2026-08-16,purchase,25.23,USD,completed,Acme Wholesale,,POS-EAST
TXN-00000739,BATCH-2026-08-17,ACCT-001380,2026-08-17,2026-08-18,transfer,-13.89,USD,completed,Contoso Retail,,POS-EAST
TXN-00000536,BATCH-2026-08-17,ACCT-000517,2026-08-17,2026-08-17,purchase,35.93,USD,completed,Globex Corp,,ACH-BATCH
TXN-00000704,BATCH-2026-08-17,ACCT-001587,2026-08-17,2026-08-17,purchase,55.09,USD,completed,Acme Wholesale,,POS-WEST
TXN-00000931,BATCH-2026-08-17,ACCT-001612,2026-08-17,2026-08-19,purchase,36.02,USD,completed,Wayne Hardware,,POS-EAST
TXN-00001442,BATCH-2026-08-17,ACCT-002797,2026-08-17,2026-08-18,transfer,-4.01,USD,completed,Northwind Traders,,POS-WEST
TXN-00000756,BATCH-2026-08-17,ACCT-000590,2026-08-16,2026-08-16,purchase,15.04,USD,completed,Umbrella Logistics,,POS-WEST
TXN-00001403,BATCH-2026-08-17,ACCT-002264,2026-08-17,2026-08-18,purchase,17.65,USD,completed,Umbrella Logistics,,POS-EAST
TXN-00001639,BATCH-2026-08-17,ACCT-003170,2026-08-16,2026-08-16,purchase,26.55,USD,completed,Hooli Cloud,,ACH-BATCH
TXN-00001100,BATCH-2026-08-17,ACCT-002218,2026-08-16,2026-08-18,refund,-12.85,USD,completed,Stark Utilities,TXN-00000140,POS-WEST
TXN-00000069,BATCH-2026-08-17,ACCT-000327,2026-08-16,2026-08-16,purchase,24.28,USD,completed,Wayne Hardware,,ONLINE-CHECKOUT
TXN-00001360,BATCH-2026-08-17,ACCT-000245,2026-08-17,2026-08-17,purchase,145.45,USD,completed,Umbrella Logistics,,ACH-BATCH
TXN-00001383,BATCH-2026-08-17,ACCT-003038,2026-08-16,2026-08-16,transfer,31.69,USD,completed,Wonka Confections,,ONLINE-CHECKOUT
TXN-00001803,BATCH-2026-08-17,ACCT-004270,2026-08-17,2026-08-18,purchase,10.66,USD,completed,Acme Wholesale,,POS-WEST
TXN-00000375,BATCH-2026-08-17,ACCT-003725,2026-08-17,2026-08-17,purchase,51.18,USD,completed,Northwind Traders,,POS-EAST
TXN-00000625,BATCH-2026-08-17,ACCT-001693,2026-08-16,2026-08-16,purchase,24.28,USD,completed,Acme Wholesale,,POS-WEST
TXN-00000372,BATCH-2026-08-17,ACCT-001830,2026-08-16,2026-08-16,refund,-47.94,USD,completed,Acme Wholesale,TXN-00001863,ONLINE-CHECKOUT
TXN-00001569,BATCH-2026-08-17,ACCT-002984,2026-08-16,2026-08-16,purchase,14.78,USD,completed,Stark Utilities,,ACH-BATCH
TXN-00001350,BATCH-2026-08-17,ACCT-004414,2026-08-17,2026-08-17,transfer,-19.15,USD,reversed,Stark Utilities,,POS-EAST
TXN-00000546,BATCH-2026-08-17,ACCT-003969,2026-08-17,2026-08-17,purchase,10.86,USD,completed,Northwind Traders,,ACH-BATCH
TXN-00001253,BATCH-2026-08-17,ACCT-000875,2026-08-16,2026-08-16,purchase,9.24,EUR,completed,Hooli Cloud,,POS-WEST
TXN-00000483,BATCH-2026-08-17,ACCT-004661,2026-08-16,2026-08-16,purchase,37.93,USD,completed,Acme Wholesale,,POS-EAST
TXN-00000471,BATCH-2026-08-17,ACCT-004102,2026-08-17,2026-08-17,purchase,31.44,USD,completed,Contoso Retail,,POS-WEST
TXN-00000681,BATCH-2026-08-17,ACCT-000746,2026-08-17,2026-08-17,purchase,26.30,CAD,completed,Contoso Retail,,POS-EAST
TXN-00000451,BATCH-2026-08-17,ACCT-001561,2026-08-17,2026-08-17,purchase,19.88,USD,completed,Umbrella Logistics,,ONLINE-CHECKOUT
TXN-00001946,BATCH-2026-08-17,ACCT-004903,2026-08-17,2026-08-17,transfer,30.62,USD,completed,Wayne Hardware,,ONLINE-CHECKOUT
TXN-00001256,BATCH-2026-08-17,ACCT-002338,2026-08-16,2026-08-17,adjustment,-8.88,USD,completed,Pied Piper Software,,POS-WEST
TXN-00000099,BATCH-2026-08-17,ACCT-000901,2026-08-17,2026-08-19,refund,-33.39,USD,completed,Pied Piper Software,TXN-00001534,POS-EAST
TXN-00000233,BATCH-2026-08-17,ACCT-001522,2026-08-16,2026-08-16,purchase,9.90,USD,completed,Stark Utilities,,POS-WEST
TXN-00000042,BATCH-2026-08-17,ACCT-003626,2026-08-17,2026-08-18,purchase,468.65,USD,pending,Acme Wholesale,,ACH-BATCH
TXN-00001186,BATCH-2026-08-17,ACCT-003293,2026-08-16,2026-08-16,purchase,54.74,USD,completed,Northwind Traders,,POS-WEST
TXN-00000320,BATCH-2026-08-17,ACCT-001634,2026-08-16,2026-08-17,refund,-20.34,USD,completed,Hooli Cloud,TXN-00001388,ONLINE-CHECKOUT
TXN-00000865,BATCH-2026-08-17,ACCT-002570,2026-08-17,2026-08-17,purchase,25.82,USD,completed,Umbrella Logistics,,POS-EAST
TXN-00000196,BATCH-2026-08-17,ACCT-003040,2026-08-17,2026-08-17,adjustment,0.00,USD,completed,Contoso Retail,,POS-WEST
TXN-00000480,BATCH-2026-08-17,ACCT-002353,2026-08-17,2026-08-18,purchase,22.62,USD,completed,Wayne Hardware,,ONLINE-CHECKOUT
TXN-00001728,BATCH-2026-08-17,ACCT-002399,2026-08-17,2026-08-17,purchase,13.98,CAD,completed,Fabrikam Supply,,ONLINE-CHECKOUT
TXN-00000892,BATCH-2026-08-17,ACCT-000084,2026-08-16,2026-08-16,purchase,43.85,USD,completed,Fabrikam Supply,,POS-EAST
TXN-00000862,BATCH-2026-08-17,ACCT-000715,2026-08-17,2026-08-18,adjustment,-255.61,EUR,completed,Stark Utilities,,POS-EAST
TXN-00000626,BATCH-2026-08-17,ACCT-004776,2026-08-16,2026-08-16,fee,22.18,USD,completed,Pied Piper Software,,ACH-BATCH
TXN-00000288,BATCH-2026-08-17,ACCT-004736,2026-08-16,2026-08-16,adjustment,-7.97,USD,completed,Pied Piper Software,,POS-WEST
TXN-00001747,BATCH-2026-08-17,ACCT-002136,2026-08-17,2026-08-17,purchase,5.16,USD,completed,Acme Wholesale,,ACH-BATCH
TXN-00000341,BATCH-2026-08-17,ACCT-002392,2026-08-17,2026-08-18,refund,-12.78,USD,completed,Wonka Confections,TXN-00000877,ONLINE-CHECKOUT
TXN-00001017,BATCH-2026-08-17,ACCT-004642,2026-08-17,2026-08-17,purchase,34.52,USD,pending,Globex Corp,,POS-EAST
TXN-00000782,BATCH-2026-08-17,ACCT-002854,2026-08-16,2026-08-16,adjustment,18.39,CAD,completed,Wayne Hardware,,ACH-BATCH
TXN-00001706,BATCH-2026-08-17,ACCT-001896,2026-08-17,2026-08-17,purchase,8.46,USD,completed,Contoso Retail,,POS-WEST
TXN-00001884,BATCH-2026-08-17,ACCT-004472,2026-08-17,2026-08-19,adjustment,-34.32,USD,completed,Stark Utilities,,ONLINE-CHECKOUT
TXN-00000934,BATCH-2026-08-17,ACCT-001136,2026-08-17,2026-08-17,purchase,68.77,USD,completed,Wonka Confections,,ACH-BATCH
TXN-00000363,BATCH-2026-08-17,ACCT-000253,2026-08-16,2026-08-17,purchase,20.92,USD,completed,Stark Utilities,,POS-WEST
TXN-00001065,BATCH-2026-08-17,ACCT-003532,2026-08-16,2026-08-16,purchase,63.68,USD,completed,Initech Services,,ONLINE-CHECKOUT
TXN-00001205,BATCH-2026-08-17,ACCT-001412,2026-08-16,2026-08-16,purchase,-8.60,USD,pending,Initech Services,,POS-WEST
TXN-00000239,BATCH-2026-08-17,ACCT-001696,2026-08-16,2026-08-16,purchase,12.16,USD,completed,Northwind Traders,,ONLINE-CHECKOUT
TXN-00001826,BATCH-2026-08-17,ACCT-001098,2026-08-17,2026-08-17,refund,-32.73,USD,completed,Wonka Confections,TXN-00000384,POS-WEST
TXN-00000046,BATCH-2026-08-17,ACCT-003433,2026-08-17,2026-08-19,transfer,-14.74,USD,completed,Wonka Confections,,POS-WEST
TXN-00001171,BATCH-2026-08-17,ACCT-000582,2026-08-17,2026-08-18,purchase,44.66,CAD,completed,Acme Wholesale,,POS-EAST
TXN-00001508,BATCH-2026-08-17,ACCT-004970,2026-08-17,2026-08-17,purchase,10.88,USD,completed,Pied Piper Software,,ACH-BATCH
TXN-00000893,BATCH-2026-08-17,ACCT-001249,2026-08-17,2026-08-17,purchase,5.43,USD,completed,Globex Corp,,ONLINE-CHECKOUT
TXN-00000667,BATCH-2026-08-17,ACCT-002490,2026-08-17,2026-08-18,purchase,26.66,USD,completed,Hooli Cloud,,ACH-BATCH
TXN-00001756,BATCH-2026-08-17,ACCT-000332,2026-08-17,2026-08-18,purchase,9.72,USD,completed,Northwind Traders,,ONLINE-CHECKOUT
TXN-00001069,BATCH-2026-08-17,ACCT-000154,2026-08-17,2026-08-18,refund,-13.57,USD,completed,Wayne Hardware,TXN-00001321,POS-WEST
TXN-00000257,BATCH-2026-08-17,ACCT-000451,2026-08-17,2026-08-19,refund,-5.32,USD,completed,Initech Services,TXN-00000964,POS-WEST
TXN-00000632,BATCH-2026-08-17,ACCT-003975,2026-08-17,2026-08-18,purchase,11.46,USD,completed,Stark Utilities,,ACH-BATCH
TXN-00001132,BATCH-2026-08-17,ACCT-004397,2026-08-17,2026-08-17,purchase,22.33,CAD,completed,Stark Utilities,,POS-WEST
TXN-00001384,BATCH-2026-08-17,ACCT-002317,2026-08-16,2026-08-17,purchase,53.68,USD,completed,Initech Services,,POS-WEST
TXN-00000002,BATCH-2026-08-17,ACCT-003680,2026-08-17,2026-08-18,purchase,41.91,USD,completed,Acme Wholesale,,ONLINE-CHECKOUT
TXN-00001744,BATCH-2026-08-17,ACCT-003971,2026-08-17,2026-08-18,fee,22.78,USD,completed,Initech Services,,POS-EAST
TXN-00001871,BATCH-2026-08-17,ACCT-001141,2026-08-17,2026-08-17,purchase,30.75,USD,completed,Hooli Cloud,,POS-EAST
TXN-00000674,BATCH-2026-08-17,ACCT-003044,2026-08-17,2026-08-17,adjustment,27.53,CAD,completed,Initech Services,,ONLINE-CHECKOUT
TXN-00000144,BATCH-2026-08-17,ACCT-000470,2026-08-16,2026-08-16,purchase,33.58,USD,completed,Contoso Retail,,ACH-BATCH
TXN-00000047,BATCH-2026-08-17,ACCT-001353,2026-08-16,2026-08-16,purchase,39.03,USD,completed,Stark Utilities,,POS-WEST
TXN-00000562,BATCH-2026-08-17,ACCT-002674,2026-08-16,2026-08-16,purchase,12.36,USD,completed,Stark Utilities,,ACH-BATCH
TXN-00000780,BATCH-2026-08-17,ACCT-001768,2026-08-17,2026-08-17,refund,-45.20,USD,completed,Stark Utilities,TXN-00000583,ONLINE-CHECKOUT
TXN-00000644,BATCH-2026-08-17,ACCT-001493,2026-08-17,2026-08-17,purchase,33.25,USD,completed,Wayne Hardware,,POS-EAST
TXN-00001347,BATCH-2026-08-17,ACCT-000345,2026-08-16,2026-08-16,purchase,58.63,EUR,completed,Fabrikam Supply,,POS-WEST
TXN-00000599,BATCH-2026-08-17,ACCT-000798,2026-08-16,2026-08-16,purchase,61.39,USD,completed,Wayne Hardware,,ONLINE-CHECKOUT
TXN-00001048,BATCH-2026-08-17,ACCT-001526,2026-08-17,2026-08-19,purchase,14.00,CAD,completed,Northwind Traders,,ACH-BATCH
TXN-00000039,BATCH-2026-08-17,ACCT-002746,2026-08-17,2026-08-18,purchase,9.09,USD,completed,Contoso Retail,,POS-WEST
TXN-00001689,BATCH-2026-08-17,ACCT-001923,2026-08-16,2026-08-17,refund,-141.43,USD,completed,Fabrikam Supply,TXN-00001345,POS-WEST
TXN-00000457,BATCH-2026-08-17,ACCT-000722,2026-08-16,2026-08-16,purchase,23.13,USD,completed,Fabrikam Supply,,POS-WEST
TXN-00001021,BATCH-2026-08-17,ACCT-000964,2026-08-16,2026-08-16,transfer,66.22,USD,completed,Wayne Hardware,,ONLINE-CHECKOUT
TXN-00001441,BATCH-2026-08-17,ACCT-004935,2026-08-17,2026-08-17,fee,25.52,USD,completed,Umbrella Logistics,,POS-WEST
TXN-00001257,BATCH-2026-08-17,ACCT-003125,2026-08-17,2026-08-18,purchase,63.66,USD,completed,Hooli Cloud,,POS-WEST
TXN-00000613,BATCH-2026-08-17,ACCT-001933,2026-08-16,2026-08-16,purchase,30.37,USD,completed,Wayne Hardware,,POS-WEST
TXN-00001995,BATCH-2026-08-17,ACCT-000445,2026-08-16,2026-08-16,fee,4.93,EUR,completed,Hooli Cloud,,POS-WEST
TXN-00000774,BATCH-2026-08-17,ACCT-000240,2026-08-17,2026-08-17,transfer,0.00,USD,failed,Fabrikam Supply,,ONLINE-CHECKOUT
TXN-00000725,BATCH-2026-08-17,ACCT-003422,2026-08-16,2026-08-16,purchase,3.69,USD,completed,Globex Corp,,ACH-BATCH
TXN-00001456,BATCH-2026-08-17,ACCT-000353,2026-08-16,2026-08-16,purchase,54.40,EUR,completed,Contoso Retail,,ACH-BATCH
TXN-00000951,BATCH-2026-08-17,ACCT-004024,,2026-08-16,adjustment,39.58,USD,completed,Stark Utilities,,ONLINE-CHECKOUT
TXN-00000087,BATCH-2026-08-17,ACCT-001944,2026-08-16,2026-08-16,purchase,17.38,USD,completed,Wayne Hardware,,ONLINE-CHECKOUT
TXN-00000651,BATCH-2026-08-17,ACCT-002195,2026-08-16,2026-08-16,purchase,31.95,USD,completed,Pied Piper Software,,ACH-BATCH
TXN-00001342,BATCH-2026-08-17,ACCT-001725,2026-08-17,2026-08-18,purchase,122.23,USD,completed,Globex Corp,,ACH-BATCH
TXN-00000027,BATCH-2026-08-17,ACCT-002163,2026-08-16,2026-08-16,purchase,12.43,USD,completed,Wonka Confections,,ACH-BATCH
TXN-00001318,BATCH-2026-08-17,ACCT-004258,2026-08-16,2026-08-16,purchase,21.20,USD,completed,Umbrella Logistics,,ACH-BATCH
TXN-00001631,BATCH-2026-08-17,ACCT-000416,2026-08-16,2026-08-17,purchase,12.46,USD,pending,Contoso Retail,,ONLINE-CHECKOUT
TXN-00000743,BATCH-2026-08-17,ACCT-004438,2026-08-16,2026-08-16,refund,-41.33,USD,completed,Wayne Hardware,TXN-00001512,ACH-BATCH
TXN-00000430,BATCH-2026-08-17,ACCT-003095,2026-08-16,2026-08-17,purchase,21.82,USD,completed,Umbrella Logistics,,POS-WEST
TXN-00000225,BATCH-2026-08-17,ACCT-002120,2026-08-16,2026-08-18,purchase,22.01,USD,completed,Globex Corp,,POS-WEST
TXN-00001382,BATCH-2026-08-17,ACCT-003936,2026-08-16,2026-08-16,purchase,65.36,USD,completed,Globex Corp,,ACH-BATCH
TXN-00000314,BATCH-2026-08-17,ACCT-003898,2026-08-17,2026-08-17,transfer,-70.12,USD,completed,Pied Piper Software,,ONLINE-CHECKOUT
TXN-00000690,BATCH-2026-08-17,ACCT-004006,2026-08-17,2026-08-18,purchase,7.89,USD,completed,Wayne Hardware,,POS-EAST
TXN-00001812,BATCH-2026-08-17,ACCT-004260,2026-08-16,2026-08-16,purchase,40.35,CAD,completed,Fabrikam Supply,,POS-EAST
TXN-00000277,BATCH-2026-08-17,ACCT-002216,2026-08-16,2026-08-16,fee,28.49,USD,completed,Fabrikam Supply,,POS-EAST
TXN-00000998,BATCH-2026-08-17,ACCT-001560,2026-08-16,2026-08-16,refund,-47.54,CAD,completed,Wonka Confections,TXN-00000931,POS-EAST
TXN-00001271,BATCH-2026-08-17,ACCT-004440,2026-08-16,2026-08-16,purchase,10.70,USD,pending,Pied Piper Software,,POS-EAST
TXN-00001863,BATCH-2026-08-17,ACCT-003304,2026-08-17,2026-08-17,transfer,-9.78,USD,completed,Stark Utilities,,POS-WEST
TXN-00000136,BATCH-2026-08-17,ACCT-000702,2026-08-16,2026-08-16,refund,-16.71,USD,completed,Wonka Confections,TXN-00001533,ONLINE-CHECKOUT
TXN-00000888,BATCH-2026-08-17,ACCT-004685,2026-08-17,2026-08-18,purchase,282.33,USD,completed,Wayne Hardware,,POS-EAST
TXN-00001604,BATCH-2026-08-17,ACCT-000970,2026-08-16,2026-08-16,purchase,26.70,USD,completed,Stark Utilities,,ACH-BATCH
TXN-00001272,BATCH-2026-08-17,ACCT-002077,2026-08-16,2026-08-16,adjustment,2.81,USD,completed,Stark Utilities,,POS-EAST
TXN-00001399,BATCH-2026-08-17,ACCT-003809,2026-08-17,2026-08-17,purchase,6.12,USD,pending,Contoso Retail,,POS-EAST
TXN-00000142,BATCH-2026-08-17,ACCT-004254,2026-08-17,2026-08-17,refund,-23.32,USD,completed,Initech Services,TXN-00000773,POS-EAST
TXN-00000570,BATCH-2026-08-17,ACCT-003504,2026-08-17,2026-08-19,purchase,19.07,USD,completed,Umbrella Logistics,,ACH-BATCH
TXN-00001595,BATCH-2026-08-17,ACCT-003780,2026-08-17,2026-08-17,purchase,5.98,USD,completed,Wayne Hardware,,ACH-BATCH
TXN-00000458,BATCH-2026-08-17,ACCT-004014,2026-08-17,2026-08-17,purchase,62.68,CAD,completed,Wayne Hardware,,POS-WEST
TXN-00001740,BATCH-2026-08-17,ACCT-004437,2026-08-17,2026-08-19,purchase,8.29,CAD,completed,Globex Corp,,ACH-BATCH
TXN-00000682,BATCH-2026-08-17,ACCT-002442,2026-08-17,2026-08-17,purchase,4.41,USD,completed,Wayne Hardware,,POS-EAST
TXN-00000093,BATCH-2026-08-17,ACCT-004998,2026-08-16,2026-08-17,purchase,94.88,USD,completed,Globex Corp,,POS-EAST
TXN-00000356,BATCH-2026-08-17,ACCT-001748,2026-08-17,2026-08-17,adjustment,26.13,USD,completed,Pied Piper Software,,ONLINE-CHECKOUT
TXN-00000125,BATCH-2026-08-17,ACCT-004313,2026-08-16,2026-08-17,purchase,18.11,USD,completed,Contoso Retail,,ACH-BATCH
TXN-00000843,BATCH-2026-08-17,ACCT-003024,2026-08-16,2026-08-17,purchase,12.11,USD,completed,Initech Services,,POS-EAST
TXN-00001627,BATCH-2026-08-17,ACCT-000226,2026-08-16,2026-08-16,purchase,23.71,USD,completed,Pied Piper Software,,POS-EAST
TXN-00000435,BATCH-2026-08-17,ACCT-004014,2026-08-17,2026-08-17,purchase,35.09,USD,completed,Wonka Confections,,ONLINE-CHECKOUT
TXN-00001102,BATCH-2026-08-17,ACCT-000538,2026-08-17,2026-08-17,purchase,23.23,USD,completed,Wayne Hardware,,ONLINE-CHECKOUT
TXN-00000549,BATCH-2026-08-17,ACCT-004275,2026-08-17,2026-08-17,transfer,27.27,USD,completed,Stark Utilities,,POS-WEST
TXN-00000611,BATCH-2026-08-17,ACCT-002442,2026-08-17,2026-08-18,purchase,59.88,USD,completed,Contoso Retail,,ACH-BATCH
TXN-00000094,BATCH-2026-08-17,ACCT-003184,2026-08-16,2026-08-16,purchase,10.12,USD,completed,Stark Utilities,,ONLINE-CHECKOUT
TXN-00000398,BATCH-2026-08-17,ACCT-002893,2026-08-16,2026-08-16,transfer,34.98,USD,completed,Wonka Confections,,POS-EAST
TXN-00001602,BATCH-2026-08-17,ACCT-000124,2026-08-16,2026-08-17,purchase,22.22,CAD,completed,Umbrella Logistics,,POS-WEST
TXN-00001546,BATCH-2026-08-17,ACCT-004417,2026-08-16,2026-08-18,purchase,1.37,USD,completed,Fabrikam Supply,,POS-EAST
TXN-00000041,BATCH-2026-08-17,ACCT-004244,2026-08-17,2026-08-18,purchase,42.53,USD,completed,Stark Utilities,,POS-EAST
TXN-00000927,BATCH-2026-08-17,ACCT-001008,2026-08-17,2026-08-17,purchase,25.72,USD,pending,Wayne Hardware,,ACH-BATCH
TXN-00001791,BATCH-2026-08-17,ACCT-003965,2026-08-16,2026-08-16,purchase,28.61,USD,completed,Initech Services,,ONLINE-CHECKOUT
TXN-00001672,BATCH-2026-08-17,ACCT-002201,2026-08-16,2026-08-17,purchase,14.22,USD,completed,Stark Utilities,,ONLINE-CHECKOUT
TXN-00000963,BATCH-2026-08-17,ACCT-000359,2026-08-17,2026-08-17,fee,12.14,USD,completed,Umbrella Logistics,,ONLINE-CHECKOUT
TXN-00000652,BATCH-2026-08-17,ACCT-003845,2026-08-16,2026-08-16,transfer,-21.82,USD,completed,Umbrella Logistics,,ACH-BATCH
TXN-00000478,BATCH-2026-08-17,ACCT-004606,2026-08-16,2026-08-17,purchase,50.91,USD,completed,Fabrikam Supply,,ACH-BATCH
TXN-00001788,BATCH-2026-08-17,ACCT-004632,2026-08-16,2026-08-16,purchase,10.57,EUR,completed,Globex Corp,,ACH-BATCH
TXN-00000035,BATCH-2026-08-17,ACCT-003573,2026-08-17,2026-08-17,purchase,-28.75,USD,completed,Northwind Traders,,POS-WEST
TXN-00000873,BATCH-2026-08-17,ACCT-000082,2026-08-16,2026-08-16,purchase,39.95,USD,completed,Wonka Confections,,POS-WEST
TXN-00001140,BATCH-2026-08-17,ACCT-004451,2026-08-16,2026-08-16,purchase,13.72,USD,completed,Fabrikam Supply,,POS-EAST
TXN-00001084,BATCH-2026-08-17,ACCT-002131,2026-08-16,2026-08-17,purchase,7.86,USD,completed,Hooli Cloud,,POS-EAST
TXN-00001160,BATCH-2026-08-17,ACCT-004767,2026-08-16,2026-08-17,purchase,18.03,USD,completed,Initech Services,,ONLINE-CHECKOUT
TXN-00001370,BATCH-2026-08-17,ACCT-002205,2026-08-16,2026-08-18,purchase,17.11,CAD,completed,Hooli Cloud,,POS-EAST
TXN-00001459,BATCH-2026-08-17,ACCT-004025,2026-08-16,2026-08-16,purchase,32.08,USD,completed,Hooli Cloud,,ACH-BATCH
TXN-00000011,BATCH-2026-08-17,ACCT-000872,2026-08-16,2026-08-18,purchase,55.79,USD,completed,Pied Piper Software,,ONLINE-CHECKOUT
TXN-00001592,BATCH-2026-08-17,ACCT-004561,2026-08-16,2026-08-17,transfer,13.76,USD,reversed,Pied Piper Software,,POS-WEST
TXN-00000968,BATCH-2026-08-17,ACCT-004819,2026-08-17,2026-08-17,purchase,49.98,USD,completed,Wayne Hardware,,ONLINE-CHECKOUT
TXN-00001050,BATCH-2026-08-17,ACCT-003449,2026-08-17,2026-08-18,purchase,86.08,USD,completed,Wayne Hardware,,ONLINE-CHECKOUT
TXN-00000141,BATCH-2026-08-17,ACCT-003015,2026-08-17,2026-08-18,purchase,18.24,USD,completed,Wayne Hardware,,ACH-BATCH
TXN-00000533,BATCH-2026-08-17,ACCT-002521,2026-08-17,2026-08-17,purchase,5.65,USD,completed,Stark Utilities,,ACH-BATCH
TXN-00000620,BATCH-2026-08-17,ACCT-003283,2026-08-17,2026-08-18,purchase,41.27,USD,completed,Globex Corp,,ONLINE-CHECKOUT
TXN-00000526,BATCH-2026-08-17,ACCT-000569,2026-08-17,2026-08-17,purchase,44.15,USD,completed,Stark Utilities,,POS-WEST
TXN-00001404,BATCH-2026-08-17,ACCT-001352,2026-08-17,2026-08-18,purchase,35.73,USD,completed,Hooli Cloud,,POS-EAST
TXN-00001161,BATCH-2026-08-17,ACCT-003315,2026-08-17,2026-08-17,refund,-5.09,USD,completed,Initech Services,TXN-00000560,POS-WEST
TXN-00000219,BATCH-2026-08-17,ACCT-003925,2026-08-17,2026-08-17,purchase,41.39,CAD,completed,Umbrella Logistics,,POS-WEST
TXN-00000666,BATCH-2026-08-17,ACCT-004192,2026-08-17,2026-08-17,purchase,26.58,USD,completed,Wonka Confections,,ONLINE-CHECKOUT
TXN-00000523,BATCH-2026-08-17,ACCT-000983,2026-08-17,2026-08-19,purchase,50.92,USD,completed,Contoso Retail,,POS-WEST
TXN-00000723,BATCH-2026-08-17,ACCT-002140,2026-08-17,2026-08-18,refund,-109.70,USD,completed,Northwind Traders,TXN-00001459,ONLINE-CHECKOUT
TXN-00001957,BATCH-2026-08-17,ACCT-004125,2026-08-16,2026-08-16,purchase,59.64,USD,completed,Umbrella Logistics,,POS-WEST
TXN-00001943,BATCH-2026-08-17,ACCT-000274,2026-08-17,2026-08-19,purchase,0.00,USD,failed,Globex Corp,,ACH-BATCH
TXN-00000147,BATCH-2026-08-17,ACCT-004602,2026-08-17,2026-08-17,purchase,8.98,USD,completed,Contoso Retail,,ONLINE-CHECKOUT
TXN-00000732,BATCH-2026-08-17,ACCT-002695,2026-08-17,2026-08-18,purchase,30.42,USD,completed,Acme Wholesale,,ACH-BATCH
TXN-00001388,BATCH-2026-08-17,ACCT-000846,2026-08-16,2026-08-16,transfer,-19.22,USD,completed,Acme Wholesale,,POS-WEST
TXN-00000597,BATCH-2026-08-17,ACCT-004537,2026-08-16,2026-08-17,transfer,-24.00,USD,completed,Pied Piper Software,,ACH-BATCH
TXN-00001443,BATCH-2026-08-17,ACCT-003133,2026-08-17,2026-08-17,purchase,4.62,USD,completed,Acme Wholesale,,ACH-BATCH
TXN-00001832,BATCH-2026-08-17,ACCT-002131,2026-08-16,2026-08-16,purchase,6.10,CAD,completed,Hooli Cloud,,POS-EAST
TXN-00000850,BATCH-2026-08-17,ACCT-001227,2026-08-17,2026-08-17,purchase,43.53,USD,completed,Fabrikam Supply,,ACH-BATCH
TXN-00001068,BATCH-2026-08-17,ACCT-001763,2026-08-17,2026-08-18,refund,-4.79,EUR,completed,Wayne Hardware,TXN-00000612,ONLINE-CHECKOUT
TXN-00000692,BATCH-2026-08-17,ACCT-000163,2026-08-17,2026-08-17,transfer,19.15,USD,completed,Initech Services,,ONLINE-CHECKOUT
TXN-00000915,BATCH-2026-08-17,ACCT-000802,2026-08-16,2026-08-16,purchase,9.50,USD,completed,Northwind Traders,,ACH-BATCH
TXN-00001073,BATCH-2026-08-17,ACCT-001701,2026-08-17,2026-08-18,purchase,28.35,CAD,completed,Hooli Cloud,,ONLINE-CHECKOUT
TXN-00000792,BATCH-2026-08-17,ACCT-004608,2026-08-17,2026-08-17,purchase,14.29,USD,completed,Initech Services,,POS-EAST
TXN-00001334,BATCH-2026-08-17,ACCT-003394,2026-08-17,2026-08-18,purchase,19.00,USD,completed,Stark Utilities,,POS-EAST
TXN-00001567,BATCH-2026-08-17,ACCT-004912,2026-08-17,2026-08-17,purchase,29.43,USD,completed,Northwind Traders,,ACH-BATCH
TXN-00000012,BATCH-2026-08-17,ACCT-000005,2026-08-16,2026-08-17,transfer,-32.29,USD,completed,Acme Wholesale,,ONLINE-CHECKOUT
TXN-00000563,BATCH-2026-08-17,ACCT-002361,2026-08-16,2026-08-16,purchase,11.96,CAD,completed,Northwind Traders,,POS-WEST
TXN-00000883,BATCH-2026-08-17,ACCT-003398,2026-08-16,2026-08-16,purchase,34.94,USD,completed,Pied Piper Software,,POS-WEST
TXN-00001817,BATCH-2026-08-17,ACCT-004693,2026-08-16,2026-08-17,refund,-162.59,USD,completed,Pied Piper Software,TXN-00000427,POS-WEST
TXN-00000522,BATCH-2026-08-17,ACCT-002321,2026-08-17,2026-08-17,purchase,22.04,N/A,completed,Initech Services,,POS-WEST
TXN-00000353,BATCH-2026-08-17,ACCT-000333,2026-08-17,2026-08-19,refund,0.00,USD,failed,Wayne Hardware,TXN-00000398,ONLINE-CHECKOUT
TXN-00000205,BATCH-2026-08-17,ACCT-002904,2026-08-17,2026-08-17,purchase,8.98,USD,completed,Initech Services,,ACH-BATCH
TXN-00000722,BATCH-2026-08-17,ACCT-002698,2026-08-17,2026-08-18,purchase,13.79,USD,completed,Initech Services,,ONLINE-CHECKOUT
TXN-00001612,BATCH-2026-08-17,ACCT-002254,2026-08-17,2026-08-19,transfer,5.68,USD,completed,Northwind Traders,,ACH-BATCH
TXN-00000735,BATCH-2026-08-17,ACCT-000547,2026-08-17,2026-08-17,purchase,32.44,CAD,completed,Hooli Cloud,,POS-WEST
TXN-00000672,BATCH-2026-08-17,ACCT-001335,2026-08-16,2026-08-16,purchase,45.31,USD,completed,Fabrikam Supply,,POS-WEST
TXN-00001145,BATCH-2026-08-17,ACCT-003904,2026-08-16,2026-08-16,purchase,0.00,CAD,failed,Stark Utilities,,ONLINE-CHECKOUT
TXN-00000817,BATCH-2026-08-17,ACCT-002803,2026-08-16,2026-08-16,adjustment,-42.13,USD,completed,Wayne Hardware,,POS-EAST
TXN-00001372,BATCH-2026-08-17,ACCT-004662,2026-08-17,2026-08-17,purchase,5.72,USD,completed,Hooli Cloud,,POS-EAST
TXN-00001023,BATCH-2026-08-17,ACCT-001109,2026-08-16,2026-08-16,refund,0.00,USD,failed,Fabrikam Supply,TXN-00000574,ACH-BATCH
TXN-00001504,BATCH-2026-08-17,ACCT-003221,2026-08-16,2026-08-17,purchase,52.25,USD,failed,Initech Services,,POS-WEST
TXN-00001268,BATCH-2026-08-17,ACCT-004008,2026-08-17,2026-08-18,purchase,93.54,USD,completed,Contoso Retail,,ONLINE-CHECKOUT
TXN-00000833,BATCH-2026-08-17,ACCT-002292,2026-08-17,2026-08-18,purchase,7.59,USD,completed,Fabrikam Supply,,ONLINE-CHECKOUT
TXN-00001038,BATCH-2026-08-17,ACCT-002185,2026-08-17,2026-08-17,purchase,67.14,USD,pending,Contoso Retail,,POS-WEST
TXN-00001353,BATCH-2026-08-17,ACCT-003415,2026-08-16,2026-08-16,purchase,42.17,EUR,completed,Northwind Traders,,ONLINE-CHECKOUT
TXN-00000653,BATCH-2026-08-17,ACCT-003838,2026-08-16,2026-08-18,purchase,166.69,CAD,completed,Fabrikam Supply,,ONLINE-CHECKOUT
TXN-00000730,BATCH-2026-08-17,ACCT-000564,2026-08-17,2026-08-17,purchase,9.17,USD,completed,Wayne Hardware,,POS-WEST
TXN-00001950,BATCH-2026-08-17,ACCT-003139,2026-08-16,2026-08-16,purchase,34.21,CAD,completed,Contoso Retail,,POS-WEST
TXN-00000858,BATCH-2026-08-17,ACCT-004126,2026-08-17,2026-08-18,purchase,8.60,USD,completed,Contoso Retail,,POS-WEST
TXN-00000203,BATCH-2026-08-17,ACCT-001238,2026-08-17,2026-08-17,purchase,30.46,USD,completed,Northwind Traders,,POS-WEST
TXN-00000016,BATCH-2026-08-17,ACCT-004212,2026-08-17,2026-08-17,purchase,8.33,USD,completed,Globex Corp,,ONLINE-CHECKOUT
TXN-00000272,BATCH-2026-08-17,ACCT-001821,2026-08-17,2026-08-17,transfer,42.33,USD,completed,Fabrikam Supply,,POS-WEST
TXN-00001765,BATCH-2026-08-17,ACCT-003539,2026-08-17,2026-08-17,purchase,26.61,USD,completed,Wayne Hardware,,ACH-BATCH
TXN-00000787,BATCH-2026-08-17,ACCT-000735,2026-08-16,2026-08-17,purchase,13.14,USD,completed,Stark Utilities,,ACH-BATCH
TXN-00000172,BATCH-2026-08-17,ACCT-002241,2026-08-17,2026-08-18,adjustment,-23.74,USD,reversed,Initech Services,,POS-EAST
TXN-00000855,BATCH-2026-08-17,ACCT-002749,2026-08-16,2026-08-16,purchase,4.75,USD,completed,Northwind Traders,,POS-WEST
TXN-00001420,BATCH-2026-08-17,ACCT-001771,2026-08-17,2026-08-19,purchase,16.36,USD,completed,Globex Corp,,ONLINE-CHECKOUT
TXN-00000122,BATCH-2026-08-17,ACCT-003587,2026-08-17,2026-08-17,purchase,31.03,USD,completed,Stark Utilities,,POS-WEST
TXN-00001113,BATCH-2026-08-17,ACCT-001760,2026-08-16,2026-08-18,purchase,9.56,USD,completed,Fabrikam Supply,,ONLINE-CHECKOUT
TXN-00001991,BATCH-2026-08-17,ACCT-000050,2026-08-17,2026-08-18,purchase,15.60,CAD,completed,Wonka Confections,,ACH-BATCH
TXN-00000243,BATCH-2026-08-17,ACCT-001070,2026-08-16,2026-08-16,purchase,11.73,USD,completed,Acme Wholesale,,ACH-BATCH
TXN-00001438,BATCH-2026-08-17,ACCT-004746,2026-08-16,2026-08-16,transfer,-25.54,USD,completed,Wayne Hardware,,POS-WEST
TXN-00000413,BATCH-2026-08-17,ACCT-000216,2026-08-17,2026-08-18,purchase,89.55,USD,completed,Wayne Hardware,,POS-EAST
TXN-00001589,BATCH-2026-08-17,ACCT-003740,2026-08-16,2026-08-16,purchase,29.18,USD,completed,Wonka Confections,,ONLINE-CHECKOUT
TXN-00001933,BATCH-2026-08-17,ACCT-002080,2026-08-16,2026-08-16,transfer,11.40,CAD,completed,Initech Services,,ACH-BATCH
TXN-00001338,BATCH-2026-08-17,ACCT-001354,2026-08-16,2026-08-17,purchase,32.49,EUR,completed,Initech Services,,ONLINE-CHECKOUT
TXN-00000495,BATCH-2026-08-17,ACCT-001080,2026-08-17,2026-08-19,purchase,51.37,USD,completed,Contoso Retail,,ACH-BATCH
TXN-00000817,BATCH-2026-08-17,ACCT-002803,2026-08-16,2026-08-16,adjustment,-42.13,USD,completed,Wayne Hardware,,POS-EAST
TXN-00000395,BATCH-2026-08-17,ACCT-004776,2026-08-17,2026-08-17,purchase,54.16,USD,completed,Umbrella Logistics,,ONLINE-CHECKOUT
TXN-00000793,BATCH-2026-08-17,ACCT-004376,2026-08-17,2026-08-17,purchase,28.17,USD,completed,Stark Utilities,,POS-WEST
TXN-00001541,BATCH-2026-08-17,ACCT-000418,2026-08-16,2026-08-17,purchase,12.08,EUR,pending,Wonka Confections,,ACH-BATCH
TXN-00000552,BATCH-2026-08-17,ACCT-003332,2026-08-16,2026-08-16,refund,-26.88,USD,completed,Globex Corp,TXN-00001767,POS-WEST
TXN-00001793,BATCH-2026-08-17,ACCT-002119,2026-08-16,2026-08-16,transfer,-33.89,USD,completed,Stark Utilities,,ONLINE-CHECKOUT
TXN-00000878,BATCH-2026-08-17,ACCT-002752,2026-08-16,2026-08-16,purchase,59.30,USD,completed,Contoso Retail,,POS-WEST
TXN-00001056,BATCH-2026-08-17,ACCT-003024,2026-08-17,2026-08-17,purchase,50.49,USD,completed,Umbrella Logistics,,ONLINE-CHECKOUT
TXN-00000665,BATCH-2026-08-17,ACCT-002471,2026-08-16,2026-08-17,refund,-20.42,USD,completed,Contoso Retail,TXN-00000507,POS-EAST
TXN-00000051,BATCH-2026-08-17,ACCT-003022,2026-08-16,2026-08-17,transfer,-27.84,USD,completed,Fabrikam Supply,,POS-EAST
TXN-00000802,BATCH-2026-08-17,ACCT-001036,2026-08-16,2026-08-16,purchase,25.15,USD,completed,Fabrikam Supply,,ACH-BATCH
TXN-00000625,BATCH-2026-08-17,ACCT-001693,2026-08-16,2026-08-16,purchase,24.28,USD,completed,Acme Wholesale,,POS-WEST
TXN-00001099,BATCH-2026-08-17,ACCT-000914,2026-08-16,2026-08-16,purchase,6.50,USD,completed,Hooli Cloud,,ACH-BATCH
TXN-00001178,BATCH-2026-08-17,ACCT-000817,2026-08-16,2026-08-17,refund,-28.99,USD,completed,Stark Utilities,TXN-00000310,POS-WEST
TXN-00001396,BATCH-2026-08-17,ACCT-001291,2026-08-16,2026-08-16,purchase,21.45,CAD,completed,Globex Corp,,POS-EAST
TXN-00000627,BATCH-2026-08-17,ACCT-004893,2026-08-16,2026-08-17,purchase,75.93,CAD,completed,Initech Services,,POS-EAST
TXN-00000821,BATCH-2026-08-17,ACCT-003499,2026-08-17,2026-08-17,purchase,21.72,USD,completed,Pied Piper Software,,POS-EAST
TXN-00000758,BATCH-2026-08-17,ACCT-003017,2026-08-16,2026-08-16,adjustment,0.00,USD,failed,Hooli Cloud,,POS-EAST
TXN-00001413,BATCH-2026-08-17,ACCT-002040,2026-08-17,2026-08-17,purchase,17.45,EUR,completed,Wonka Confections,,POS-WEST
TXN-00001550,BATCH-2026-08-17,ACCT-003470,2026-08-17,2026-08-17,purchase,207.85,USD,completed,Contoso Retail,,ONLINE-CHECKOUT
TXN-00001688,BATCH-2026-08-17,ACCT-001528,2026-08-16,2026-08-16,transfer,-4.09,USD,completed,Acme Wholesale,,ACH-BATCH
TXN-00000158,BATCH-2026-08-17,ACCT-004602,2026-08-16,2026-08-17,purchase,9.92,USD,completed,Contoso Retail,,ONLINE-CHECKOUT
TXN-00001757,BATCH-2026-08-17,ACCT-001244,2026-08-17,2026-08-17,purchase,32.04,USD,completed,Contoso Retail,,POS-WEST
TXN-00001671,BATCH-2026-08-17,ACCT-004092,2026-08-17,2026-08-19,purchase,13.13,USD,completed,Wayne Hardware,,POS-EAST
TXN-00001070,BATCH-2026-08-17,ACCT-001811,2026-08-16,2026-08-16,purchase,5.70,USD,completed,Contoso Retail,,ONLINE-CHECKOUT
TXN-00000795,BATCH-2026-08-17,ACCT-001053,2026-08-17,2026-08-18,purchase,12.38,USD,completed,Hooli Cloud,,ACH-BATCH
TXN-00001571,BATCH-2026-08-17,ACCT-002370,2026-08-16,2026-08-17,transfer,47.97,USD,completed,Northwind Traders,,POS-EAST
TXN-00000595,BATCH-2026-08-17,ACCT-004429,2026-08-16,2026-08-16,refund,-34.60,USD,completed,Wonka Confections,TXN-00000451,POS-EAST
TXN-00001120,BATCH-2026-08-17,ACCT-004931,2026-08-17,2026-08-18,transfer,14.09,USD,completed,Northwind Traders,,POS-WEST
TXN-00000676,BATCH-2026-08-17,ACCT-002538,2026-08-16,2026-08-16,purchase,6.33,USD,completed,Acme Wholesale,,ACH-BATCH
TXN-00000119,BATCH-2026-08-17,ACCT-000560,2026-08-16,2026-08-17,purchase,30.92,USD,completed,Stark Utilities,,ACH-BATCH
TXN-00001387,BATCH-2026-08-17,ACCT-002007,2026-08-16,2026-08-16,purchase,23.24,EUR,completed,Umbrella Logistics,,POS-EAST
TXN-00001967,BATCH-2026-08-17,ACCT-001790,2026-08-16,2026-08-17,purchase,62.72,USD,completed,Hooli Cloud,,ONLINE-CHECKOUT
TXN-00001077,BATCH-2026-08-17,ACCT-002604,2026-08-16,2026-08-16,purchase,19.37,USD,completed,Wonka Confections,,ACH-BATCH
TXN-00001617,BATCH-2026-08-17,ACCT-000269,2026-08-16,2026-08-16,refund,-28.05,USD,completed,Stark Utilities,TXN-00001878,POS-EAST
TXN-00000420,BATCH-2026-08-17,ACCT-003383,2026-08-16,2026-08-16,purchase,174.47,USD,completed,Globex Corp,,POS-EAST
TXN-00000264,BATCH-2026-08-17,ACCT-003801,2026-08-16,2026-08-16,purchase,11.00,USD,completed,Umbrella Logistics,,ACH-BATCH
TXN-00000290,BATCH-2026-08-17,ACCT-001352,2026-08-17,2026-08-17,purchase,42.74,CAD,completed,Acme Wholesale,,ACH-BATCH
TXN-00001078,BATCH-2026-08-17,ACCT-001456,2026-08-16,2026-08-17,purchase,8.80,USD,completed,Wayne Hardware,,ONLINE-CHECKOUT
TXN-00001027,BATCH-2026-08-17,ACCT-003138,2026-08-17,2026-08-17,purchase,27.03,USD,completed,Umbrella Logistics,,ONLINE-CHECKOUT
TXN-00001052,BATCH-2026-08-17,ACCT-002520,2026-08-17,2026-08-18,refund,-14.03,USD,completed,Contoso Retail,TXN-00000424,POS-WEST
TXN-00000132,BATCH-2026-08-17,ACCT-000812,2026-08-16,2026-08-16,adjustment,83.22,USD,completed,Hooli Cloud,,ONLINE-CHECKOUT
TXN-00001007,BATCH-2026-08-17,ACCT-000173,2026-08-16,2026-08-16,refund,-84.34,EUR,completed,Wayne Hardware,TXN-00000042,POS-EAST
TXN-00001579,BATCH-2026-08-17,ACCT-001906,2026-08-16,2026-08-16,purchase,58.48,USD,completed,Wonka Confections,,ONLINE-CHECKOUT
TXN-00000945,BATCH-2026-08-17,ACCT-003642,2026-08-17,2026-08-17,refund,-199.98,USD,completed,Northwind Traders,TXN-00000376,ONLINE-CHECKOUT
TXN-00001512,BATCH-2026-08-17,ACCT-002271,2026-08-16,2026-08-17,purchase,11.19,CAD,completed,Pied Piper Software,,POS-WEST
TXN-00000699,BATCH-2026-08-17,ACCT-002739,2026-08-17,2026-08-17,purchase,22.03,USD,completed,Initech Services,,POS-WEST
TXN-00000331,BATCH-2026-08-17,ACCT-003586,2026-08-17,2026-08-18,purchase,11.11,USD,completed,Acme Wholesale,,ONLINE-CHECKOUT
TXN-00000354,BATCH-2026-08-17,ACCT-000328,2026-08-16,2026-08-16,refund,-10.68,USD,completed,Fabrikam Supply,TXN-94159219,ONLINE-CHECKOUT
TXN-00001900,BATCH-2026-08-17,ACCT-000867,2026-08-17,2026-08-18,purchase,9.90,USD,completed,Wayne Hardware,,POS-EAST
TXN-00001020,BATCH-2026-08-17,ACCT-003585,2026-08-17,2026-08-18,adjustment,3.09,USD,completed,Contoso Retail,,POS-EAST
TXN-00000623,BATCH-2026-08-17,ACCT-003286,2026-08-17,2026-08-19,purchase,35.65,USD,completed,Acme Wholesale,,ACH-BATCH
TXN-00001723,BATCH-2026-08-17,ACCT-000526,2026-08-17,2026-08-17,transfer,48.35,USD,completed,Fabrikam Supply,,POS-WEST
TXN-00001212,BATCH-2026-08-17,ACCT-001615,2026-08-16,2026-08-17,transfer,0.00,CAD,failed,Pied Piper Software,,ONLINE-CHECKOUT
TXN-00000396,BATCH-2026-08-17,ACCT-004122,2026-08-17,2026-08-17,adjustment,-8.88,USD,completed,Initech Services,,ONLINE-CHECKOUT
TXN-00001797,BATCH-2026-08-17,ACCT-004470,2026-08-16,2026-08-16,purchase,20.96,USD,completed,Hooli Cloud,,POS-WEST
TXN-00000335,BATCH-2026-08-17,ACCT-004724,2026-08-17,2026-08-18,purchase,79.98,USD,completed,Hooli Cloud,,POS-WEST
TXN-00000895,BATCH-2026-08-17,ACCT-001582,2026-08-16,2026-08-16,adjustment,-57.17,USD,completed,Initech Services,,POS-WEST
TXN-00000923,BATCH-2026-08-17,ACCT-002985,2026-08-16,2026-08-18,purchase,11.83,USD,completed,Stark Utilities,,POS-EAST
TXN-00001415,BATCH-2026-08-17,ACCT-003439,2026-08-16,2026-08-16,purchase,12.23,USD,completed,Hooli Cloud,,POS-WEST
TXN-00000150,BATCH-2026-08-17,ACCT-004520,2026-08-16,2026-08-16,purchase,28.00,USD,completed,Fabrikam Supply,,POS-EAST
TXN-00001687,BATCH-2026-08-17,ACCT-000712,2026-08-17,2026-08-18,purchase,11.89,EUR,completed,Stark Utilities,,POS-WEST
TXN-00001638,BATCH-2026-08-17,ACCT-000486,2026-08-16,2026-08-16,refund,-19.48,USD,completed,Wayne Hardware,TXN-00001807,ACH-BATCH
TXN-00000516,BATCH-2026-08-17,ACCT-001189,2026-08-17,2026-08-17,purchase,18.82,USD,failed,Acme Wholesale,,POS-WEST
TXN-00001416,BATCH-2026-08-17,ACCT-003785,2026-08-17,2026-08-17,purchase,63.49,USD,completed,Northwind Traders,,ACH-BATCH
TXN-00000696,BATCH-2026-08-17,ACCT-003334,2026-08-16,2026-08-17,purchase,80.95,USD,completed,Initech Services,,POS-EAST
TXN-00001152,BATCH-2026-08-17,ACCT-002059,2026-08-16,2026-08-17,purchase,33.87,CAD,completed,Umbrella Logistics,,POS-EAST
TXN-00000591,BATCH-2026-08-17,ACCT-004874,2026-08-17,2026-08-17,purchase,74.39,EUR,completed,Wayne Hardware,,POS-EAST
TXN-00001644,BATCH-2026-08-17,ACCT-000381,2026-08-17,2026-08-17,transfer,-191.16,USD,completed,Umbrella Logistics,,POS-WEST
TXN-00001276,BATCH-2026-08-17,ACCT-003845,2026-08-17,2026-08-17,purchase,40.73,USD,completed,Northwind Traders,,ONLINE-CHECKOUT
TXN-00000153,BATCH-2026-08-17,ACCT-001848,2026-08-17,2026-08-17,purchase,17.10,USD,pending,Umbrella Logistics,,ONLINE-CHECKOUT
TXN-00001668,BATCH-2026-08-17,ACCT-000831,2026-08-17,2026-08-19,adjustment,-27.79,USD,completed,Pied Piper Software,,POS-EAST
TXN-00001200,BATCH-2026-08-17,ACCT-000172,2026-08-16,2026-08-18,purchase,62.38,EUR,completed,Wayne Hardware,,ONLINE-CHECKOUT
TXN-00001633,BATCH-2026-08-17,ACCT-003629,2026-08-16,2026-08-16,purchase,43.56,USD,completed,Hooli Cloud,,POS-WEST
TXN-00001619,BATCH-2026-08-17,ACCT-004550,2026-08-17,2026-08-18,purchase,25.99,USD,completed,Acme Wholesale,,POS-WEST
TXN-00000207,BATCH-2026-08-17,ACCT-003555,2026-08-17,2026-08-18,purchase,34.52,USD,completed,Pied Piper Software,,ONLINE-CHECKOUT
TXN-00000268,BATCH-2026-08-17,ACCT-002228,2026-08-16,2026-08-17,purchase,41.80,USD,completed,Globex Corp,,POS-EAST
TXN-00000208,BATCH-2026-08-17,ACCT-000610,2026-08-17,2026-08-17,purchase,28.26,USD,completed,Pied Piper Software,,ONLINE-CHECKOUT
TXN-00000781,BATCH-2026-08-17,ACCT-001844,2026-08-16,2026-08-16,refund,-222.04,EUR,completed,Hooli Cloud,TXN-00000763,POS-EAST
TXN-00000527,BATCH-2026-08-17,ACCT-000871,2026-08-17,2026-08-17,purchase,18.64,USD,completed,Stark Utilities,,ONLINE-CHECKOUT
TXN-00001545,BATCH-2026-08-17,ACCT-000986,2026-08-16,2026-08-17,refund,-17.27,EUR,completed,Stark Utilities,TXN-00000354,ONLINE-CHECKOUT
TXN-00001895,BATCH-2026-08-17,ACCT-000957,2026-08-17,2026-08-17,purchase,84.08,USD,completed,Globex Corp,,POS-EAST
TXN-00000270,BATCH-2026-08-17,ACCT-004943,2026-08-17,2026-08-17,purchase,128.33,CAD,completed,Northwind Traders,,POS-WEST
TXN-00000262,BATCH-2026-08-17,ACCT-004683,2026-08-16,2026-08-16,purchase,4.96,USD,pending,Umbrella Logistics,,POS-EAST
TXN-00001709,BATCH-2026-08-17,ACCT-002744,2026-08-17,2026-08-19,purchase,84.75,USD,completed,Fabrikam Supply,,POS-WEST
TXN-00000608,BATCH-2026-08-17,ACCT-000528,2026-08-17,2026-08-18,purchase,9.11,USD,completed,Pied Piper Software,,POS-WEST
TXN-00001375,BATCH-2026-08-17,ACCT-003443,2026-08-16,2026-08-16,purchase,124.86,USD,completed,Initech Services,,ACH-BATCH
TXN-00000854,BATCH-2026-08-17,ACCT-003319,2026-08-17,2026-08-18,purchase,22.85,USD,completed,Wayne Hardware,,POS-WEST
TXN-00000293,BATCH-2026-08-17,ACCT-003257,2026-08-16,2026-08-18,purchase,23.43,USD,completed,Stark Utilities,,ACH-BATCH
TXN-00000426,BATCH-2026-08-17,ACCT-003943,2026-08-17,2026-08-18,purchase,26.77,USD,completed,Pied Piper Software,,ONLINE-CHECKOUT
TXN-00001680,BATCH-2026-08-17,ACCT-000986,2026-08-17,2026-08-17,adjustment,26.42,USD,completed,Contoso Retail,,ONLINE-CHECKOUT
TXN-00001862,BATCH-2026-08-17,ACCT-001216,2026-08-17,2026-08-19,purchase,4.48,USD,completed,Northwind Traders,,ONLINE-CHECKOUT
TXN-00000030,BATCH-2026-08-17,ACCT-000843,2026-08-17,2026-08-18,purchase,13.51,USD,completed,Umbrella Logistics,,ACH-BATCH
TXN-00001820,BATCH-2026-08-17,ACCT-002037,2026-08-17,2026-08-17,purchase,39.73,USD,completed,Wonka Confections,,POS-WEST
TXN-00001357,BATCH-2026-08-17,ACCT-001467,2026-08-17,2026-08-19,purchase,42.38,USD,completed,Contoso Retail,,ACH-BATCH
TXN-00001207,BATCH-2026-08-17,ACCT-000072,2026-08-17,2026-08-18,purchase,39.83,USD,completed,Northwind Traders,,ONLINE-CHECKOUT
TXN-00001331,BATCH-2026-08-17,ACCT-000183,2026-08-16,2026-08-17,purchase,43.35,USD,completed,Wayne Hardware,,ACH-BATCH
TXN-00000876,BATCH-2026-08-17,ACCT-004474,2026-08-17,2026-08-17,purchase,87.85,USD,completed,Fabrikam Supply,,ACH-BATCH
TXN-00001307,BATCH-2026-08-17,ACCT-002894,2026-08-16,2026-08-16,purchase,20.30,USD,completed,Wayne Hardware,,ONLINE-CHECKOUT
TXN-00001227,BATCH-2026-08-17,ACCT-004007,2026-08-16,2026-08-17,purchase,23.10,USD,completed,Umbrella Logistics,,POS-WEST
TXN-00001658,BATCH-2026-08-17,ACCT-001223,2026-08-17,2026-08-19,refund,-7.35,USD,completed,Globex Corp,TXN-00000931,POS-WEST
TXN-00000159,BATCH-2026-08-17,ACCT-003426,2026-08-17,2026-08-17,purchase,14.50,USD,completed,Globex Corp,,POS-WEST
TXN-00001226,BATCH-2026-08-17,ACCT-002962,2026-08-17,2026-08-19,purchase,36.43,USD,completed,Hooli Cloud,,POS-EAST
TXN-00000569,BATCH-2026-08-17,ACCT-000716,2026-08-17,2026-08-17,refund,-18.98,USD,completed,Wonka Confections,TXN-00000960,ACH-BATCH
TXN-00001597,BATCH-2026-08-17,ACCT-001999,2026-08-17,2026-08-18,purchase,15.21,USD,completed,Pied Piper Software,,POS-EAST
TXN-00001676,BATCH-2026-08-17,ACCT-003253,2026-08-17,2026-08-17,refund,-121.63,USD,completed,Initech Services,TXN-00000175,ACH-BATCH
TXN-00000993,BATCH-2026-08-17,ACCT-002244,2026-08-16,2026-08-16,purchase,16.83,CAD,completed,Stark Utilities,,ACH-BATCH
TXN-00001169,BATCH-2026-08-17,ACCT-000226,2026-08-17,2026-08-17,purchase,15.45,USD,completed,Hooli Cloud,,ACH-BATCH
TXN-00001203,BATCH-2026-08-17,ACCT-003345,2026-08-16,2026-08-18,purchase,33.63,USD,completed,Umbrella Logistics,,ONLINE-CHECKOUT
TXN-00000446,BATCH-2026-08-17,ACCT-003558,2026-08-17,2026-08-19,purchase,-2.92,USD,completed,Wayne Hardware,,POS-EAST
TXN-00001071,BATCH-2026-08-17,ACCT-004569,2026-08-16,2026-08-17,refund,-15.91,USD,completed,Northwind Traders,TXN-00001035,ONLINE-CHECKOUT
TXN-00000214,BATCH-2026-08-17,ACCT-000716,2026-08-16,2026-08-16,purchase,38.45,USD,completed,Fabrikam Supply,,ACH-BATCH
TXN-00000428,BATCH-2026-08-17,ACCT-001270,2026-08-17,2026-08-17,purchase,63.13,USD,completed,Umbrella Logistics,,POS-EAST
TXN-00001201,BATCH-2026-08-17,ACCT-001705,2026-08-17,2026-08-19,purchase,5.21,USD,completed,Wayne Hardware,,ACH-BATCH
TXN-00000995,BATCH-2026-08-17,ACCT-004268,2026-08-17,2026-08-17,purchase,36.97,EUR,pending,Fabrikam Supply,,ACH-BATCH
TXN-00001219,BATCH-2026-08-17,ACCT-000577,2026-08-17,2026-08-18,refund,-1.66,USD,completed,Fabrikam Supply,TXN-00000704,ACH-BATCH
TXN-00000646,BATCH-2026-08-17,ACCT-000109,2026-08-17,2026-08-17,purchase,7.17,USD,completed,Fabrikam Supply,,ACH-BATCH
TXN-00000548,BATCH-2026-08-17,ACCT-001403,2026-08-16,2026-08-16,purchase,66.87,USD,completed,Umbrella Logistics,,POS-WEST
TXN-00000918,BATCH-2026-08-17,ACCT-001686,2026-08-16,2026-08-16,purchase,54.64,USD,completed,Fabrikam Supply,,POS-WEST
TXN-00001175,BATCH-2026-08-17,ACCT-004654,2026-08-17,2026-08-18,purchase,16.69,EUR,completed,Acme Wholesale,,ONLINE-CHECKOUT
TXN-00001777,BATCH-2026-08-17,ACCT-001673,2026-08-16,2026-08-16,purchase,9.71,USD,completed,Initech Services,,POS-WEST
TXN-00001576,BATCH-2026-08-17,ACCT-003347,2026-08-16,2026-08-16,purchase,56.92,USD,completed,Initech Services,,POS-WEST
TXN-00000844,BATCH-2026-08-17,ACCT-003920,2026-08-17,2026-08-17,refund,-13.38,EUR,completed,Contoso Retail,TXN-00000192,POS-EAST
TXN-00001692,BATCH-2026-08-17,ACCT-003188,2026-08-17,2026-08-17,fee,21.56,USD,completed,Acme Wholesale,,ACH-BATCH
TXN-00000827,BATCH-2026-08-17,ACCT-000180,2026-08-16,2026-08-16,transfer,-3.97,USD,completed,Fabrikam Supply,,ONLINE-CHECKOUT
TXN-00000731,BATCH-2026-08-17,ACCT-001663,2026-08-16,2026-08-16,purchase,29.02,USD,completed,Wonka Confections,,ACH-BATCH
TXN-00001042,BATCH-2026-08-17,ACCT-003108,2026-08-17,2026-08-18,purchase,41.81,CAD,completed,Hooli Cloud,,ONLINE-CHECKOUT
TXN-00000391,BATCH-2026-08-17,ACCT-000525,2026-08-17,2026-08-17,purchase,78.61,USD,completed,Initech Services,,POS-WEST
TXN-00001448,BATCH-2026-08-17,ACCT-002633,2026-08-17,2026-08-17,transfer,4.26,USD,completed,Northwind Traders,,ACH-BATCH
TXN-00000502,BATCH-2026-08-17,ACCT-001139,2026-08-16,2026-08-16,adjustment,31.14,USD,completed,Acme Wholesale,,POS-EAST
TXN-00001445,BATCH-2026-08-17,ACCT-001221,2026-08-16,2026-08-17,purchase,49.99,USD,reversed,Globex Corp,,ONLINE-CHECKOUT
TXN-00000029,BATCH-2026-08-17,ACCT-003521,2026-08-17,2026-08-17,purchase,15.62,USD,completed,Fabrikam Supply,,POS-EAST
TXN-00000328,BATCH-2026-08-17,ACCT-003938,2026-08-16,2026-08-16,transfer,0.00,USD,failed,Umbrella Logistics,,POS-WEST
TXN-00000881,BATCH-2026-08-17,ACCT-002375,2026-08-17,2026-08-18,purchase,25.20,USD,completed,Wayne Hardware,,POS-WEST
TXN-00000005,BATCH-2026-08-17,ACCT-002989,2026-08-16,2026-08-18,refund,-17.49,USD,completed,Fabrikam Supply,TXN-00001795,ONLINE-CHECKOUT
TXN-00001166,BATCH-2026-08-17,ACCT-004410,2026-08-17,2026-08-17,purchase,134.16,EUR,completed,Acme Wholesale,,POS-WEST
TXN-00000761,BATCH-2026-08-17,ACCT-002476,2026-08-16,2026-08-17,refund,-9.97,CAD,completed,Wonka Confections,TXN-00001489,ACH-BATCH
TXN-00001759,BATCH-2026-08-17,ACCT-003191,2026-08-17,2026-08-17,fee,11.09,USD,completed,Initech Services,,ONLINE-CHECKOUT
TXN-00001600,BATCH-2026-08-17,ACCT-003195,2026-08-16,2026-08-16,refund,41.16,USD,failed,Wayne Hardware,TXN-00000869,ONLINE-CHECKOUT
TXN-00000929,BATCH-2026-08-17,ACCT-000128,2026-08-17,2026-08-17,purchase,4.79,USD,completed,Stark Utilities,,POS-EAST
TXN-00000877,BATCH-2026-08-17,ACCT-002515,2026-08-17,2026-08-17,purchase,18.15,USD,completed,Wonka Confections,,POS-EAST
TXN-00000343,BATCH-2026-08-17,ACCT-003396,2026-08-16,2026-08-17,purchase,11.92,USD,pending,Northwind Traders,,POS-EAST
TXN-00001346,BATCH-2026-08-17,ACCT-004642,2026-08-16,2026-08-17,refund,-62.64,USD,completed,Hooli Cloud,TXN-00001841,POS-WEST
TXN-00000752,BATCH-2026-08-17,ACCT-004497,2026-08-17,2026-08-19,purchase,12.19,USD,completed,Globex Corp,,POS-WEST
TXN-00001428,BATCH-2026-08-17,ACCT-001767,2026-08-16,2026-08-16,purchase,43.70,USD,completed,Acme Wholesale,,POS-WEST
TXN-00000890,BATCH-2026-08-17,ACCT-004747,2026-08-16,2026-08-17,refund,-42.27,USD,completed,Contoso Retail,TXN-00000675,POS-EAST
TXN-00001821,BATCH-2026-08-17,ACCT-004351,2026-08-16,2026-08-16,transfer,-12.29,USD,reversed,Umbrella Logistics,,POS-EAST
TXN-00000554,BATCH-2026-08-17,ACCT-000012,2026-08-16,2026-08-16,fee,114.11,USD,completed,Pied Piper Software,,POS-EAST
TXN-00001016,BATCH-2026-08-17,ACCT-000686,2026-08-17,2026-08-18,refund,-6.30,USD,completed,Contoso Retail,TXN-00000362,POS-WEST
TXN-00001772,BATCH-2026-08-17,ACCT-000519,2026-08-17,2026-08-17,purchase,3.90,USD,failed,Wonka Confections,,ACH-BATCH
TXN-00001892,BATCH-2026-08-17,ACCT-002286,2026-08-17,2026-08-18,refund,-19.15,USD,reversed,Contoso Retail,TXN-00000910,POS-WEST
TXN-00000610,BATCH-2026-08-17,ACCT-002235,2026-08-16,2026-08-16,refund,-53.78,USD,completed,Fabrikam Supply,TXN-99226632,POS-EAST
TXN-00001993,BATCH-2026-08-17,ACCT-004634,2026-08-16,2026-08-16,fee,8.72,USD,completed,Acme Wholesale,,ACH-BATCH
TXN-00001590,BATCH-2026-08-17,ACCT-004906,2026-08-16,2026-08-18,transfer,-29.70,USD,completed,Northwind Traders,,ONLINE-CHECKOUT
TXN-00000077,BATCH-2026-08-17,ACCT-003400,2026-08-17,2026-08-18,purchase,4.73,CAD,completed,Umbrella Logistics,,ONLINE-CHECKOUT
TXN-00000174,BATCH-2026-08-17,ACCT-004808,2026-08-16,2026-08-18,purchase,34.85,XXX,completed,Globex Corp,,POS-WEST
TXN-00000590,BATCH-2026-08-17,ACCT-000697,2026-08-16,2026-08-16,transfer,-8.29,USD,completed,Contoso Retail,,POS-WEST
TXN-00001656,BATCH-2026-08-17,ACCT-002284,2026-08-17,2026-08-17,purchase,10.17,USD,completed,Pied Piper Software,,POS-WEST
TXN-00001695,BATCH-2026-08-17,ACCT-001323,2026-08-17,2026-08-17,purchase,34.74,USD,completed,Hooli Cloud,,POS-EAST
TXN-00000624,BATCH-2026-08-17,ACCT-003717,2026-08-17,2026-08-19,purchase,7.02,EUR,completed,Pied Piper Software,,ACH-BATCH
TXN-00001032,BATCH-2026-08-17,ACCT-001565,2026-08-16,2026-08-17,purchase,8.99,CAD,completed,Wayne Hardware,,ONLINE-CHECKOUT
TXN-00001714,BATCH-2026-08-17,ACCT-002934,2026-08-16,2026-08-16,fee,4.71,USD,completed,Fabrikam Supply,,ACH-BATCH
TXN-00000348,BATCH-2026-08-17,ACCT-002886,2026-08-17,2026-08-17,adjustment,38.20,USD,completed,Wonka Confections,,ACH-BATCH
TXN-00000642,BATCH-2026-08-17,ACCT-002037,2026-08-17,2026-08-19,purchase,36.85,USD,pending,Wonka Confections,,ACH-BATCH
TXN-00001259,BATCH-2026-08-17,ACCT-002238,2026-08-17,2026-08-17,transfer,-13.35,USD,completed,Initech Services,,POS-EAST
TXN-00001848,BATCH-2026-08-17,ACCT-000733,2026-08-17,2026-08-17,purchase,21.01,EUR,completed,Globex Corp,,POS-EAST
TXN-00000071,BATCH-2026-08-17,ACCT-002851,2026-08-16,2026-08-17,purchase,24.19,USD,completed,Wayne Hardware,,ONLINE-CHECKOUT
TXN-00001851,BATCH-2026-08-17,ACCT-001186,2026-08-17,2026-08-17,purchase,16.18,USD,completed,Globex Corp,,ONLINE-CHECKOUT
TXN-00000488,BATCH-2026-08-17,ACCT-001656,2026-08-16,2026-08-16,transfer,-17.40,USD,completed,Contoso Retail,,ACH-BATCH
TXN-00001609,BATCH-2026-08-17,ACCT-003912,2026-08-17,2026-08-17,purchase,13.73,USD,completed,Umbrella Logistics,,POS-EAST
TXN-00000741,BATCH-2026-08-17,ACCT-003092,2026-08-17,2026-08-17,transfer,17.95,USD,completed,Globex Corp,,POS-WEST
TXN-00001882,BATCH-2026-08-17,ACCT-000832,2026-08-16,2026-08-16,purchase,11.45,USD,completed,Hooli Cloud,,POS-WEST
TXN-00000425,BATCH-2026-08-17,ACCT-001708,2026-08-16,2026-08-16,fee,36.64,USD,completed,Stark Utilities,,ACH-BATCH
TXN-00001992,BATCH-2026-08-17,ACCT-004388,2026-08-16,2026-08-16,transfer,-12.61,USD,completed,Pied Piper Software,,POS-WEST
TXN-00000908,BATCH-2026-08-17,ACCT-001035,2026-08-16,2026-08-16,adjustment,13.59,USD,completed,Umbrella Logistics,,POS-WEST
TXN-00000058,BATCH-2026-08-17,ACCT-000142,2026-08-17,2026-08-18,purchase,38.18,USD,completed,Contoso Retail,,ONLINE-CHECKOUT
TXN-00001479,BATCH-2026-08-17,ACCT-004577,2026-08-16,2026-08-16,transfer,-47.86,USD,pending,Umbrella Logistics,,POS-EAST
TXN-00000612,BATCH-2026-08-17,ACCT-004099,2026-08-16,2026-08-18,transfer,36.70,CAD,completed,Contoso Retail,,ONLINE-CHECKOUT
TXN-00000823,BATCH-2026-08-17,ACCT-004521,2026-08-16,2026-08-16,transfer,17.56,USD,completed,Fabrikam Supply,,ONLINE-CHECKOUT
TXN-00001621,BATCH-2026-08-17,ACCT-000291,2026-08-17,2026-08-17,fee,155.02,USD,failed,Initech Services,,ONLINE-CHECKOUT
TXN-00000070,BATCH-2026-08-17,ACCT-000330,2026-08-17,2026-08-19,refund,-35.31,USD,completed,Fabrikam Supply,TXN-95900131,ACH-BATCH
TXN-00001037,BATCH-2026-08-17,ACCT-001387,2026-08-17,2026-08-17,transfer,-346.08,CAD,completed,Acme Wholesale,,ONLINE-CHECKOUT
TXN-00000849,BATCH-2026-08-17,ACCT-000869,2026-08-17,2026-08-18,purchase,21.70,USD,completed,Pied Piper Software,,POS-EAST
TXN-00000155,BATCH-2026-08-17,ACCT-000233,2026-08-16,2026-08-17,purchase,43.04,CAD,completed,Contoso Retail,,POS-EAST
TXN-00001912,BATCH-2026-08-17,ACCT-004142,2026-08-16,2026-08-16,purchase,40.09,USD,completed,Acme Wholesale,,ACH-BATCH
TXN-00000448,BATCH-2026-08-17,ACCT-000738,2026-08-16,2026-08-18,purchase,61.50,USD,completed,Globex Corp,,ACH-BATCH
TXN-00000957,BATCH-2026-08-17,ACCT-000511,2026-08-17,2026-08-17,purchase,32.24,USD,completed,Globex Corp,,ACH-BATCH
TXN-00001534,BATCH-2026-08-17,ACCT-003399,2026-08-16,2026-08-16,purchase,9.67,USD,completed,Wayne Hardware,,POS-EAST
TXN-00000921,BATCH-2026-08-17,ACCT-003882,2026-08-17,2026-08-18,purchase,0.00,CAD,failed,Acme Wholesale,,POS-EAST
TXN-00001662,BATCH-2026-08-17,ACCT-001304,2026-08-17,2026-08-17,purchase,15.18,USD,reversed,Acme Wholesale,,POS-WEST
TXN-00000263,BATCH-2026-08-17,ACCT-002313,2026-08-17,2026-08-19,purchase,7.07,USD,pending,Initech Services,,ONLINE-CHECKOUT
TXN-00000309,BATCH-2026-08-17,ACCT-000070,2026-08-17,2026-08-17,purchase,12.35,EUR,completed,Globex Corp,,ONLINE-CHECKOUT
TXN-00001281,BATCH-2026-08-17,ACCT-003004,2026-08-17,2026-08-17,refund,-29.15,USD,pending,Hooli Cloud,TXN-00000588,ACH-BATCH
TXN-00001464,BATCH-2026-08-17,ACCT-002171,2026-08-16,2026-08-16,purchase,22.40,USD,completed,Wayne Hardware,,POS-WEST
TXN-00000378,BATCH-2026-08-17,ACCT-002301,2026-08-17,2026-08-17,refund,-10.39,USD,completed,Globex Corp,TXN-00001084,POS-WEST
TXN-00000317,BATCH-2026-08-17,ACCT-004341,2026-08-17,2026-08-17,transfer,0.00,CAD,completed,Initech Services,,ACH-BATCH
TXN-00001532,BATCH-2026-08-17,ACCT-001642,2026-08-17,2026-08-17,refund,-193.64,USD,completed,Acme Wholesale,TXN-00000914,ACH-BATCH
TXN-00001987,BATCH-2026-08-17,ACCT-000180,2026-08-16,2026-08-18,purchase,87.65,USD,completed,Pied Piper Software,,ONLINE-CHECKOUT
TXN-00000583,BATCH-2026-08-17,ACCT-000155,2027-08-17,2026-08-17,purchase,38.75,USD,completed,Stark Utilities,,ACH-BATCH
TXN-00001736,BATCH-2026-08-17,ACCT-003033,2026-08-16,2026-08-16,refund,-39.02,USD,completed,Globex Corp,TXN-00001991,POS-EAST
TXN-00000008,BATCH-2026-08-17,ACCT-003510,2026-08-16,2026-08-16,purchase,31.12,CAD,completed,Acme Wholesale,,ACH-BATCH
TXN-00000061,BATCH-2026-08-17,ACCT-002957,2026-08-19,2026-08-16,refund,-50.89,USD,completed,Fabrikam Supply,TXN-00000745,ONLINE-CHECKOUT
TXN-00001839,BATCH-2026-08-17,ACCT-000697,2026-08-17,2026-08-19,purchase,50.86,USD,completed,Acme Wholesale,,POS-EAST
TXN-00000453,BATCH-2026-08-17,ACCT-001210,2026-08-17,2026-08-18,adjustment,45.31,USD,completed,Initech Services,,POS-EAST
TXN-00001129,BATCH-2026-08-17,ACCT-001488,2026-08-17,2026-08-17,purchase,25.38,USD,completed,Umbrella Logistics,,POS-EAST
TXN-00000414,BATCH-2026-08-17,ACCT-001036,2026-08-16,2026-08-16,purchase,14.23,USD,completed,Fabrikam Supply,,POS-WEST
TXN-00000143,BATCH-2026-08-17,ACCT-002422,2026-08-17,2026-08-17,refund,-18.17,USD,completed,Initech Services,TXN-00001309,ACH-BATCH
TXN-00001275,BATCH-2026-08-17,ACCT-002066,2026-08-16,2026-08-18,purchase,38.02,CAD,completed,Wonka Confections,,POS-EAST
TXN-00001248,BATCH-2026-08-17,ACCT-001961,2026-08-17,2026-08-17,purchase,57.93,USD,completed,Northwind Traders,,POS-EAST
TXN-00001683,BATCH-2026-08-17,ACCT-004730,2026-08-17,2026-08-17,purchase,20.99,USD,completed,Wayne Hardware,,ACH-BATCH
TXN-00000894,BATCH-2026-08-17,ACCT-002242,2026-08-17,2026-08-17,purchase,34.42,USD,completed,Stark Utilities,,POS-WEST
TXN-00000663,BATCH-2026-08-17,ACCT-001237,2026-08-17,2026-08-17,refund,-79.65,USD,completed,Acme Wholesale,TXN-00000618,POS-EAST
TXN-00000907,BATCH-2026-08-17,ACCT-000353,2026-08-17,2026-08-19,refund,-52.85,USD,completed,Contoso Retail,TXN-00001537,POS-EAST
TXN-00000118,BATCH-2026-08-17,ACCT-000618,2026-08-17,2026-08-17,transfer,-12.43,USD,completed,Fabrikam Supply,,ACH-BATCH
TXN-00000797,BATCH-2026-08-17,ACCT-004190,2026-08-17,2026-08-18,purchase,32.43,USD,completed,Acme Wholesale,,POS-WEST
TXN-00000260,BATCH-2026-08-17,ACCT-004702,2026-08-17,2026-08-17,purchase,16.10,USD,completed,Pied Piper Software,,POS-EAST
TXN-00000701,BATCH-2026-08-17,ACCT-000533,2026-08-17,2026-08-19,refund,-68.95,USD,completed,Fabrikam Supply,TXN-00001869,POS-EAST
TXN-00000551,BATCH-2026-08-17,ACCT-004351,2026-08-17,2026-08-17,transfer,20.17,USD,completed,Wayne Hardware,,ACH-BATCH
TXN-00000673,BATCH-2026-08-17,ACCT-001285,2026-08-17,2026-08-18,purchase,22.85,EUR,completed,Wonka Confections,,ONLINE-CHECKOUT
TXN-00000173,BATCH-2026-08-17,ACCT-000648,2026-08-16,2026-08-17,purchase,15.58,CAD,completed,Umbrella Logistics,,ACH-BATCH
TXN-00000658,BATCH-2026-08-17,ACCT-000909,2026-08-17,2026-08-18,transfer,79.18,CAD,completed,Contoso Retail,,POS-EAST
TXN-00000679,BATCH-2026-08-17,ACCT-001577,2026-08-16,2026-08-16,purchase,6.57,USD,completed,Acme Wholesale,,POS-EAST
TXN-00001881,BATCH-2026-08-17,ACCT-001680,2026-08-16,2026-08-16,purchase,67.03,USD,completed,Hooli Cloud,,ONLINE-CHECKOUT
TXN-00001378,BATCH-2026-08-17,ACCT-001205,2026-08-17,2026-08-17,purchase,15.75,USD,completed,Hooli Cloud,,POS-EAST
TXN-00000019,BATCH-2026-08-17,ACCT-004429,2026-08-16,2026-08-16,purchase,4.12,USD,completed,Northwind Traders,,POS-EAST
TXN-00001693,BATCH-2026-08-17,ACCT-004536,2026-08-17,2026-08-18,refund,-19.15,USD,completed,Globex Corp,TXN-00000708,POS-WEST
TXN-00001614,BATCH-2026-08-17,ACCT-000739,2026-08-17,2026-08-17,purchase,12.53,USD,completed,Fabrikam Supply,,ACH-BATCH
TXN-00001076,BATCH-2026-08-17,ACCT-001304,2026-08-17,2026-08-17,refund,-10.53,USD,completed,Hooli Cloud,TXN-90112869,ACH-BATCH
TXN-00001211,BATCH-2026-08-17,ACCT-004686,2026-08-17,2026-08-18,purchase,16.78,USD,completed,Fabrikam Supply,,ACH-BATCH
TXN-00001963,BATCH-2026-08-17,ACCT-003526,2026-08-16,2026-08-17,purchase,4.72,USD,completed,Globex Corp,,POS-WEST
TXN-00000145,BATCH-2026-08-17,ACCT-000286,2026-08-17,2026-08-17,purchase,,USD,completed,Fabrikam Supply,,POS-EAST
TXN-00001934,BATCH-2026-08-17,ACCT-001980,2026-08-16,2026-08-16,purchase,13.27,CAD,completed,Wonka Confections,,POS-EAST
TXN-00001495,BATCH-2026-08-17,ACCT-002498,2026-08-17,2026-08-18,refund,-127.43,USD,completed,Acme Wholesale,TXN-00001151,POS-EAST
TXN-00000609,BATCH-2026-08-17,ACCT-001573,2026-08-17,2026-08-17,transfer,31.91,USD,completed,Northwind Traders,,POS-WEST
TXN-00001916,BATCH-2026-08-17,ACCT-002963,2026-08-16,2026-08-16,purchase,62.89,USD,completed,Wayne Hardware,,ONLINE-CHECKOUT
TXN-00000284,BATCH-2026-08-17,ACCT-004649,2026-08-17,2026-08-19,purchase,76.61,USD,completed,Northwind Traders,,POS-WEST
TXN-00000601,BATCH-2026-08-17,ACCT-003451,2026-08-16,2026-08-17,purchase,19.17,USD,completed,Initech Services,,POS-EAST
TXN-00000572,BATCH-2026-08-17,ACCT-000055,2026-08-17,2026-08-17,purchase,30.70,USD,completed,Wayne Hardware,,ONLINE-CHECKOUT
TXN-00001058,BATCH-2026-08-17,ACCT-003938,2026-08-17,2026-08-17,purchase,14.28,USD,completed,Northwind Traders,,ONLINE-CHECKOUT
TXN-00000359,BATCH-2026-08-17,ACCT-000537,2026-08-17,2026-08-19,purchase,26.03,USD,completed,Globex Corp,,POS-WEST
TXN-00000467,BATCH-2026-08-17,ACCT-001662,2026-08-17,2026-08-19,purchase,59.98,USD,completed,Globex Corp,,POS-EAST
TXN-00000387,BATCH-2026-08-17,ACCT-002588,2026-08-17,2026-08-17,purchase,52.68,USD,completed,Wayne Hardware,,ONLINE-CHECKOUT
TXN-00001264,BATCH-2026-08-17,ACCT-004754,2026-08-17,2026-08-17,purchase,35.26,USD,failed,Wayne Hardware,,ONLINE-CHECKOUT
TXN-00001560,BATCH-2026-08-17,ACCT-003412,2026-08-17,2026-08-18,purchase,4.73,USD,completed,Wayne Hardware,,POS-EAST
TXN-00000134,BATCH-2026-08-17,ACCT-002361,2026-08-17,2026-08-17,transfer,51.57,USD,completed,Globex Corp,,ONLINE-CHECKOUT
TXN-00000001,BATCH-2026-08-17,ACCT-000261,2026-08-17,2026-08-17,purchase,29.11,USD,completed,Northwind Traders,,POS-EAST
TXN-00000515,BATCH-2026-08-17,ACCT-004848,2026-08-16,2026-08-16,transfer,-5.75,USD,completed,Hooli Cloud,,POS-WEST
TXN-00001562,BATCH-2026-08-17,ACCT-000653,2026-08-16,2026-08-16,purchase,0.00,USD,failed,Stark Utilities,,ONLINE-CHECKOUT
TXN-00001514,BATCH-2026-08-17,ACCT-001144,2026-08-17,2026-08-17,purchase,81.80,USD,completed,Northwind Traders,,POS-EAST
TXN-00000045,BATCH-2026-08-17,ACCT-004785,2026-08-16,2026-08-16,purchase,56.93,USD,completed,Hooli Cloud,,POS-EAST
TXN-00000374,BATCH-2026-08-17,ACCT-001793,2026-08-17,2026-08-18,purchase,23.58,CAD,completed,Stark Utilities,,POS-WEST
TXN-00001616,BATCH-2026-08-17,ACCT-003502,2026-08-17,2026-08-19,fee,34.94,USD,completed,Contoso Retail,,POS-EAST
TXN-00001731,BATCH-2026-08-17,ACCT-001543,2026-08-16,2026-08-16,purchase,13.22,USD,completed,Northwind Traders,,ONLINE-CHECKOUT
TXN-00000280,BATCH-2026-08-17,ACCT-002532,2026-08-17,2026-08-17,refund,-78.29,USD,completed,Fabrikam Supply,TXN-00001671,ACH-BATCH
TXN-00000096,BATCH-2026-08-17,ACCT-002939,2026-08-17,2026-08-18,purchase,543.74,USD,completed,Northwind Traders,,ACH-BATCH
TXN-00000289,BATCH-2026-08-17,ACCT-002801,2026-08-16,2026-08-16,purchase,16.25,USD,completed,Fabrikam Supply,,ACH-BATCH
TXN-00001335,BATCH-2026-08-17,ACCT-004821,2026-08-16,2026-08-17,purchase,18.15,USD,completed,Globex Corp,,ACH-BATCH
TXN-00001923,BATCH-2026-08-17,ACCT-002742,2026-08-16,2026-08-16,refund,-15.86,CAD,completed,Umbrella Logistics,TXN-00000438,POS-WEST
TXN-00001096,BATCH-2026-08-17,ACCT-002008,2026-08-17,2026-08-17,fee,43.02,USD,completed,Globex Corp,,ACH-BATCH
TXN-00000459,BATCH-2026-08-17,ACCT-000508,2026-08-16,2026-08-16,purchase,107.82,USD,completed,Pied Piper Software,,ONLINE-CHECKOUT
TXN-00000327,BATCH-2026-08-17,ACCT-004989,2026-08-17,2026-08-17,purchase,58.87,USD,completed,Globex Corp,,ONLINE-CHECKOUT
TXN-00001274,BATCH-2026-08-17,ACCT-003144,2026-08-16,2026-08-16,purchase,0.00,USD,failed,Wonka Confections,,POS-EAST
TXN-00001735,BATCH-2026-08-17,ACCT-003585,2026-08-16,2026-08-17,purchase,7.93,USD,completed,Wayne Hardware,,POS-WEST
TXN-00000970,BATCH-2026-08-17,ACCT-004987,2026-08-17,2026-08-17,purchase,19.27,USD,completed,Umbrella Logistics,,ONLINE-CHECKOUT
TXN-00000900,BATCH-2026-08-17,ACCT-002635,2026-08-17,2026-08-18,refund,-8.83,USD,completed,Globex Corp,TXN-00001886,POS-EAST
TXN-00000339,BATCH-2026-08-17,ACCT-000745,2026-08-17,2026-08-17,purchase,5.01,USD,completed,Acme Wholesale,,ONLINE-CHECKOUT
TXN-00000529,BATCH-2026-08-17,ACCT-003573,2026-08-17,2026-08-17,purchase,93.09,CAD,completed,Wayne Hardware,,POS-EAST
TXN-00001674,BATCH-2026-08-17,ACCT-000521,2026-08-16,2026-08-18,purchase,32.91,USD,reversed,Wayne Hardware,,POS-WEST
TXN-00001337,BATCH-2026-08-17,ACCT-000421,2026-08-16,2026-08-16,purchase,0.00,USD,completed,Northwind Traders,,ACH-BATCH
TXN-00001216,BATCH-2026-08-17,ACCT-002750,2026-08-16,2026-08-16,purchase,58.88,USD,completed,Umbrella Logistics,,ACH-BATCH
TXN-00001785,BATCH-2026-08-17,ACCT-002500,2026-08-17,2026-08-18,refund,-49.48,CAD,completed,Pied Piper Software,TXN-00001398,POS-WEST
TXN-00000771,BATCH-2026-08-17,ACCT-002667,2026-08-16,2026-08-16,purchase,19.57,CAD,completed,Pied Piper Software,,ACH-BATCH
TXN-00001490,BATCH-2026-08-17,ACCT-001902,2026-08-17,2026-08-18,adjustment,-19.00,USD,completed,Contoso Retail,,POS-WEST
TXN-00000809,BATCH-2026-08-17,ACCT-000928,2026-08-17,2026-08-17,purchase,18.21,USD,completed,Umbrella Logistics,,POS-WEST
TXN-00001669,BATCH-2026-08-17,ACCT-000694,2026-08-17,2026-08-18,purchase,13.70,EUR,completed,Pied Piper Software,,ACH-BATCH
TXN-00000492,BATCH-2026-08-17,ACCT-002870,2026-08-17,2026-08-17,refund,-25.21,USD,completed,Wonka Confections,TXN-00001448,ONLINE-CHECKOUT
TXN-00000660,BATCH-2026-08-17,ACCT-002350,2026-08-16,2026-08-18,purchase,65.51,USD,completed,Wonka Confections,,POS-WEST
TXN-00000274,BATCH-2026-08-17,ACCT-003236,2026-08-16,2026-08-16,refund,-77.89,USD,completed,Stark Utilities,TXN-00000264,POS-EAST
TXN-00001843,BATCH-2026-08-17,ACCT-001181,2026-08-16,2026-08-16,refund,-24.32,CAD,reversed,Fabrikam Supply,TXN-00000301,ONLINE-CHECKOUT
TXN-00001836,BATCH-2026-08-17,ACCT-002943,2026-08-17,2026-08-17,adjustment,-10.41,USD,completed,Wonka Confections,,POS-WEST
TXN-00001949,BATCH-2026-08-17,ACCT-000819,2026-08-17,2026-08-17,transfer,10.07,EUR,completed,Stark Utilities,,ONLINE-CHECKOUT
TXN-00000531,BATCH-2026-08-17,ACCT-004543,2026-08-16,2026-08-17,purchase,16.33,USD,completed,Northwind Traders,,ACH-BATCH
TXN-00001790,BATCH-2026-08-17,ACCT-003051,2026-08-17,2026-08-17,purchase,31.63,USD,completed,Hooli Cloud,,POS-EAST
TXN-00000830,BATCH-2026-08-17,ACCT-001805,2026-08-16,2026-08-16,purchase,38.84,CAD,completed,Initech Services,,ONLINE-CHECKOUT
TXN-00001159,BATCH-2026-08-17,ACCT-001526,2026-08-17,2026-08-18,purchase,13.81,CAD,completed,Wayne Hardware,,POS-WEST
TXN-00000431,BATCH-2026-08-17,ACCT-004454,2026-08-16,2026-08-16,purchase,23.68,USD,completed,Umbrella Logistics,,ONLINE-CHECKOUT
TXN-00001738,BATCH-2026-08-17,ACCT-002122,2026-08-17,2026-08-17,purchase,140.76,EUR,completed,Pied Piper Software,,ACH-BATCH
TXN-00001398,BATCH-2026-08-17,ACCT-002288,2026-08-17,2026-08-19,transfer,-18.21,EUR,completed,Umbrella Logistics,,ONLINE-CHECKOUT
TXN-00000436,BATCH-2026-08-17,ACCT-000656,2026-08-17,2026-08-19,purchase,10.13,USD,completed,Stark Utilities,,POS-EAST
TXN-00000982,BATCH-2026-08-17,ACCT-004492,2026-08-17,2026-08-17,adjustment,-10.42,USD,completed,Hooli Cloud,,ACH-BATCH
TXN-00001431,BATCH-2026-08-17,ACCT-003200,2026-08-16,2026-08-17,purchase,,USD,completed,Wayne Hardware,,POS-EAST
TXN-00001237,BATCH-2026-08-17,ACCT-001216,2026-08-17,2026-08-17,refund,-63.72,USD,completed,Acme Wholesale,TXN-00000810,ONLINE-CHECKOUT
TXN-00001447,BATCH-2026-08-17,ACCT-001584,2026-08-17,2026-08-18,transfer,55.66,EUR,completed,Acme Wholesale,,ONLINE-CHECKOUT
TXN-00001414,BATCH-2026-08-17,ACCT-001160,2026-08-17,2026-08-17,purchase,7.26,USD,completed,Hooli Cloud,,ACH-BATCH
TXN-00000295,BATCH-2026-08-17,ACCT-002817,2026-08-17,2026-08-18,purchase,32.55,USD,completed,Wonka Confections,,ACH-BATCH
TXN-00001903,BATCH-2026-08-17,ACCT-000258,2026-08-16,2026-08-17,refund,-4.09,USD,completed,Northwind Traders,TXN-00001040,POS-WEST
TXN-00000445,BATCH-2026-08-17,ACCT-000782,2026-08-16,2026-08-17,purchase,48.95,USD,completed,Acme Wholesale,,ONLINE-CHECKOUT
TXN-00000496,BATCH-2026-08-17,ACCT-002978,2026-08-16,2026-08-16,purchase,55.89,USD,completed,Wayne Hardware,,POS-WEST
TXN-00001002,BATCH-2026-08-17,ACCT-002354,2026-08-16,2026-08-16,transfer,26.98,USD,completed,Wayne Hardware,,ACH-BATCH
TXN-00000886,BATCH-2026-08-17,ACCT-001035,2026-08-16,2026-08-18,adjustment,25.72,USD,completed,Wonka Confections,,POS-EAST
TXN-00000738,BATCH-2026-08-17,ACCT-003586,2026-08-17,2026-08-17,purchase,57.19,USD,completed,Fabrikam Supply,,ACH-BATCH
TXN-00001236,BATCH-2026-08-17,ACCT-001876,2026-08-17,2026-08-19,purchase,67.79,USD,unknown_status_79,Hooli Cloud,,POS-WEST
TXN-00000053,BATCH-2026-08-17,ACCT-000992,2026-08-17,2026-08-18,purchase,9.30,USD,completed,Acme Wholesale,,POS-EAST
TXN-00000336,BATCH-2026-08-17,ACCT-003153,2026-08-17,2026-08-17,fee,48.21,USD,completed,Fabrikam Supply,,POS-EAST
TXN-00001482,BATCH-2026-08-17,ACCT-001422,2026-08-17,2026-08-17,purchase,18.21,USD,completed,Umbrella Logistics,,POS-WEST
TXN-00001155,BATCH-2026-08-17,ACCT-003607,2026-08-16,2026-08-17,purchase,34.85,USD,completed,Stark Utilities,,POS-EAST
TXN-00001850,BATCH-2026-08-17,ACCT-003339,2026-08-17,2026-08-18,purchase,38.47,USD,completed,Contoso Retail,,ACH-BATCH
TXN-00001316,BATCH-2026-08-17,ACCT-002288,2026-08-17,2026-08-17,purchase,32.00,USD,completed,Stark Utilities,,POS-WEST
TXN-00001745,BATCH-2026-08-17,ACCT-002608,2026-08-16,2026-08-16,refund,-35.35,USD,pending,Hooli Cloud,TXN-00000404,POS-EAST
TXN-00000501,BATCH-2026-08-17,ACCT-003648,2026-08-17,2026-08-17,refund,-21.57,USD,completed,Fabrikam Supply,TXN-00001045,ONLINE-CHECKOUT
TXN-00001540,BATCH-2026-08-17,ACCT-004223,2026-08-19,2026-08-16,purchase,5.84,USD,completed,Pied Piper Software,,ONLINE-CHECKOUT
TXN-00001111,BATCH-2026-08-17,ACCT-000607,2026-08-16,2026-08-16,purchase,13.06,USD,completed,Umbrella Logistics,,ACH-BATCH
TXN-00000182,BATCH-2026-08-17,ACCT-001095,2026-08-16,2026-08-17,purchase,18.87,CAD,completed,Stark Utilities,,POS-WEST
TXN-00000971,BATCH-2026-08-17,ACCT-000468,2026-08-16,2026-08-17,refund,-99.25,USD,completed,Contoso Retail,TXN-00001526,ACH-BATCH
TXN-00000980,BATCH-2026-08-17,ACCT-002409,2026-08-16,2026-08-16,transfer,16.32,USD,completed,Acme Wholesale,,POS-EAST
TXN-00001422,BATCH-2026-08-17,ACCT-004861,2026-08-17,2026-08-17,refund,-30.12,USD,completed,Contoso Retail,TXN-00001631,POS-WEST
TXN-00000498,BATCH-2026-08-17,ACCT-004556,2026-08-17,2026-08-17,transfer,14.74,USD,completed,Pied Piper Software,,POS-EAST
TXN-00000381,BATCH-2026-08-17,ACCT-002323,2026-08-17,2026-08-17,transfer,-141.03,USD,completed,Contoso Retail,,POS-WEST
TXN-00000101,BATCH-2026-08-17,ACCT-004272,2026-08-17,2026-08-17,refund,-8.03,USD,completed,Initech Services,TXN-98233461,ACH-BATCH
TXN-00001901,BATCH-2026-08-17,ACCT-004818,2026-08-16,2026-08-18,purchase,234.80,USD,completed,Pied Piper Software,,ACH-BATCH
TXN-00001407,BATCH-2026-08-17,ACCT-001234,2026-08-16,2026-08-16,purchase,28.44,USD,completed,Fabrikam Supply,,ONLINE-CHECKOUT
TXN-00001890,BATCH-2026-08-17,ACCT-002356,2026-08-16,2026-08-16,purchase,6.60,USD,completed,Wonka Confections,,POS-WEST
TXN-00001815,BATCH-2026-08-17,ACCT-001310,2026-08-17,2026-08-18,transfer,43.53,USD,completed,Wonka Confections,,ACH-BATCH
TXN-00001121,BATCH-2026-08-17,ACCT-001338,2026-08-16,2026-08-18,purchase,0.00,USD,failed,Wayne Hardware,,ONLINE-CHECKOUT
TXN-00001732,BATCH-2026-08-17,ACCT-003202,2026-08-16,2026-08-18,purchase,31.03,USD,completed,Umbrella Logistics,,POS-WEST
TXN-00001522,BATCH-2026-08-17,ACCT-001327,2026-08-17,2026-08-17,purchase,20.34,USD,completed,Stark Utilities,,POS-WEST
TXN-00001146,BATCH-2026-08-17,ACCT-004866,2026-08-16,2026-08-17,purchase,34.06,USD,pending,Contoso Retail,,POS-EAST
TXN-00001374,BATCH-2026-08-17,ACCT-003183,2026-08-16,2026-08-16,purchase,10.36,USD,completed,Globex Corp,,ONLINE-CHECKOUT
TXN-00001285,BATCH-2026-08-17,ACCT-003922,2026-08-16,2026-08-16,purchase,9.82,USD,completed,Globex Corp,,POS-EAST
TXN-00000541,BATCH-2026-08-17,ACCT-004569,2026-08-16,2026-08-17,purchase,14.47,USD,completed,Globex Corp,,POS-WEST
TXN-00001610,BATCH-2026-08-17,ACCT-000863,2026-08-16,2026-08-17,purchase,2.09,CAD,completed,Wonka Confections,,ONLINE-CHECKOUT
TXN-00001244,BATCH-2026-08-17,ACCT-001162,2026-08-17,2026-08-17,purchase,14.70,EUR,completed,Umbrella Logistics,,ACH-BATCH
TXN-00001462,BATCH-2026-08-17,ACCT-001201,2026-08-16,2026-08-16,purchase,12.61,USD,completed,Northwind Traders,,ONLINE-CHECKOUT
TXN-00000661,BATCH-2026-08-17,ACCT-004339,2026-08-16,2026-08-17,purchase,4.99,USD,completed,Wayne Hardware,,POS-WEST
TXN-00000399,BATCH-2026-08-17,ACCT-002897,2026-08-16,2026-08-17,refund,-87.57,USD,completed,Globex Corp,TXN-00000309,ONLINE-CHECKOUT
TXN-00000482,BATCH-2026-08-17,ACCT-001740,2026-08-17,2026-08-17,transfer,-20.10,USD,completed,Northwind Traders,,POS-WEST
TXN-00001135,BATCH-2026-08-17,ACCT-002693,2026-08-17,2026-08-17,refund,-5.87,USD,completed,Hooli Cloud,TXN-00001030,ACH-BATCH
TXN-00001521,BATCH-2026-08-17,ACCT-001068,2026-08-16,2026-08-18,adjustment,28.98,USD,completed,Globex Corp,,POS-EAST
TXN-00001743,BATCH-2026-08-17,ACCT-001931,2026-08-17,2026-08-18,purchase,21.46,USD,completed,Hooli Cloud,,ONLINE-CHECKOUT
TXN-00001622,BATCH-2026-08-17,ACCT-002432,2026-08-16,2026-08-16,purchase,9.78,USD,completed,Globex Corp,,ONLINE-CHECKOUT
TXN-00000880,BATCH-2026-08-17,ACCT-000135,2026-08-17,2026-08-19,refund,-41.56,CAD,pending,Acme Wholesale,TXN-00001714,ACH-BATCH
TXN-00000440,BATCH-2026-08-17,ACCT-002660,2026-08-16,2026-08-18,purchase,97.63,USD,completed,Umbrella Logistics,,ACH-BATCH
TXN-00001190,BATCH-2026-08-17,ACCT-002143,2026-08-16,2026-08-16,purchase,2.50,EUR,completed,Contoso Retail,,POS-EAST
TXN-00000829,BATCH-2026-08-17,ACCT-001311,2026-08-16,2026-08-16,purchase,15.92,USD,completed,Acme Wholesale,,POS-WEST
TXN-00001634,BATCH-2026-08-17,ACCT-001890,2026-08-16,2026-08-17,transfer,30.54,USD,completed,Pied Piper Software,,POS-EAST
TXN-00000616,BATCH-2026-08-17,ACCT-001000,2026-08-17,2026-08-17,transfer,-14.98,CAD,completed,Wonka Confections,,POS-WEST
TXN-00000891,BATCH-2026-08-17,ACCT-000180,2026-08-16,2026-08-16,purchase,14.86,USD,completed,Wayne Hardware,,POS-EAST
TXN-00000815,BATCH-2026-08-17,ACCT-003927,2026-08-16,2026-08-18,purchase,12.75,USD,completed,Pied Piper Software,,ONLINE-CHECKOUT
TXN-00001089,BATCH-2026-08-17,ACCT-002513,2026-08-17,2026-08-18,refund,-34.56,USD,completed,Hooli Cloud,TXN-00001901,POS-WEST
TXN-00001179,BATCH-2026-08-17,ACCT-003670,2026-08-16,2026-08-18,purchase,27.69,CAD,reversed,Contoso Retail,,POS-EAST
TXN-00001306,BATCH-2026-08-17,ACCT-003623,2026-08-16,2026-08-16,purchase,24.44,USD,completed,Acme Wholesale,,POS-WEST
TXN-00001075,BATCH-2026-08-17,ACCT-004404,2026-08-16,2026-08-16,purchase,24.08,USD,completed,Fabrikam Supply,,ACH-BATCH
TXN-00001317,BATCH-2026-08-17,ACCT-003092,2026-08-17,2026-08-18,purchase,37.38,USD,completed,Fabrikam Supply,,POS-EAST
TXN-00001794,BATCH-2026-08-17,ACCT-001399,2026-08-16,2026-08-16,purchase,11.47,USD,completed,Contoso Retail,,POS-WEST
TXN-00001506,BATCH-2026-08-17,ACCT-004882,2026-08-17,2026-08-17,purchase,9.87,USD,completed,Stark Utilities,,ACH-BATCH
TXN-00001784,BATCH-2026-08-17,ACCT-002070,2026-08-16,2026-08-16,purchase,26.95,USD,failed,Umbrella Logistics,,POS-EAST
TXN-00001613,BATCH-2026-08-17,ACCT-002688,2026-08-16,2026-08-18,purchase,26.04,USD,completed,Hooli Cloud,,ONLINE-CHECKOUT
TXN-00001786,BATCH-2026-08-17,ACCT-000120,2026-08-17,2026-08-17,purchase,9.35,USD,completed,Fabrikam Supply,,ACH-BATCH
TXN-00001867,BATCH-2026-08-17,ACCT-000788,2026-08-17,2026-08-18,purchase,12.04,USD,completed,Wonka Confections,,POS-EAST
TXN-00001652,BATCH-2026-08-17,ACCT-001372,2026-08-16,2026-08-16,purchase,3.13,USD,completed,Hooli Cloud,,POS-EAST
TXN-00000112,BATCH-2026-08-17,ACCT-002527,2026-08-16,2026-08-17,refund,-33.25,USD,completed,Northwind Traders,TXN-00001048,POS-WEST
TXN-00001196,BATCH-2026-08-17,ACCT-001392,2026-08-17,2026-08-17,transfer,-39.78,USD,completed,Hooli Cloud,,ONLINE-CHECKOUT
TXN-00001994,BATCH-2026-08-17,ACCT-000017,2026-08-17,2026-08-18,purchase,59.13,USD,reversed,Umbrella Logistics,,ONLINE-CHECKOUT
TXN-00001423,BATCH-2026-08-17,ACCT-000630,2026-08-17,2026-08-17,purchase,21.13,USD,completed,Contoso Retail,,ACH-BATCH
TXN-00000656,BATCH-2026-08-17,ACCT-000522,2026-08-17,2026-08-17,fee,75.02,USD,completed,Umbrella Logistics,,ACH-BATCH
TXN-00001393,BATCH-2026-08-17,ACCT-001346,2026-08-16,2026-08-16,purchase,59.23,CAD,completed,Northwind Traders,,POS-EAST
TXN-00000199,BATCH-2026-08-17,ACCT-002143,2026-08-16,2026-08-16,purchase,26.60,USD,completed,Umbrella Logistics,,ACH-BATCH
TXN-00000438,BATCH-2026-08-17,ACCT-001466,2026-08-16,2026-08-16,adjustment,-25.89,USD,completed,Wonka Confections,,ACH-BATCH
TXN-00000749,BATCH-2026-08-17,ACCT-003636,2026-08-17,2026-08-18,purchase,5.63,USD,completed,Hooli Cloud,,ONLINE-CHECKOUT
TXN-00001527,BATCH-2026-08-17,ACCT-001698,2026-08-16,2026-08-16,purchase,40.41,USD,completed,Northwind Traders,,ACH-BATCH
TXN-00001499,BATCH-2026-08-17,ACCT-000838,2026-08-16,2026-08-16,purchase,33.81,USD,completed,Wayne Hardware,,POS-EAST
TXN-00000542,BATCH-2026-08-17,ACCT-001705,2026-08-16,2026-08-17,purchase,21.16,USD,completed,Initech Services,,POS-EAST
TXN-00000769,BATCH-2026-08-17,ACCT-001138,2026-08-16,2026-08-17,purchase,9.77,USD,completed,Northwind Traders,,POS-EAST
TXN-00001454,BATCH-2026-08-17,ACCT-004205,2026-08-16,2026-08-16,purchase,40.74,USD,completed,Pied Piper Software,,ONLINE-CHECKOUT
TXN-00000116,BATCH-2026-08-17,ACCT-004825,2026-08-16,2026-08-17,purchase,0.00,USD,failed,Wayne Hardware,,POS-EAST
TXN-00000544,BATCH-2026-08-17,ACCT-001295,2026-08-17,2026-08-17,purchase,5.51,USD,completed,Northwind Traders,,ACH-BATCH
TXN-00001162,BATCH-2026-08-17,ACCT-004671,2026-08-16,2026-08-16,refund,-57.24,USD,completed,Contoso Retail,TXN-00000856,ONLINE-CHECKOUT
TXN-00000906,BATCH-2026-08-17,ACCT-001395,2026-08-17,2026-08-17,transfer,10.22,USD,pending,Contoso Retail,,POS-WEST
TXN-00000630,BATCH-2026-08-17,ACCT-002161,2026-08-16,2026-08-16,purchase,50.97,USD,completed,Wonka Confections,,ONLINE-CHECKOUT
TXN-00000669,BATCH-2026-08-17,ACCT-004369,2026-08-17,2026-08-18,purchase,125.91,USD,completed,Acme Wholesale,,POS-WEST
TXN-00001655,BATCH-2026-08-17,ACCT-002413,2026-08-16,2026-08-16,fee,5.29,USD,completed,Wonka Confections,,POS-WEST
TXN-00000503,BATCH-2026-08-17,ACCT-002594,2026-08-16,2026-08-16,refund,-28.49,USD,completed,Initech Services,TXN-00000134,ONLINE-CHECKOUT
TXN-00001959,BATCH-2026-08-17,ACCT-003058,2026-08-17,2026-08-17,purchase,33.52,USD,completed,Contoso Retail,,ACH-BATCH
TXN-00000154,BATCH-2026-08-17,ACCT-001382,2026-08-16,2026-08-16,transfer,-12.77,USD,completed,Acme Wholesale,,POS-WEST
TXN-00000619,BATCH-2026-08-17,ACCT-002883,2026-08-16,2026-08-17,refund,-45.64,USD,pending,Wayne Hardware,TXN-00000607,ONLINE-CHECKOUT
TXN-00000524,BATCH-2026-08-17,ACCT-003826,2026-08-17,2026-08-18,purchase,36.77,USD,completed,Pied Piper Software,,POS-EAST
TXN-00000368,BATCH-2026-08-17,ACCT-003509,2026-08-17,2026-08-17,purchase,18.06,USD,completed,Fabrikam Supply,,POS-EAST
TXN-00001725,BATCH-2026-08-17,ACCT-000019,2026-08-17,2026-08-17,transfer,11.26,USD,completed,Wonka Confections,,ACH-BATCH
TXN-00000765,BATCH-2026-08-17,ACCT-000895,2026-08-16,2026-08-18,purchase,68.44,USD,completed,Pied Piper Software,,POS-WEST
TXN-00000127,BATCH-2026-08-17,ACCT-004893,2026-08-17,2026-08-18,purchase,112.33,USD,completed,Wayne Hardware,,POS-WEST
TXN-00001172,BATCH-2026-08-17,ACCT-003306,2026-08-17,2026-08-19,purchase,18.42,USD,completed,Acme Wholesale,,ACH-BATCH
TXN-00000902,BATCH-2026-08-17,ACCT-002249,2026-08-17,2026-08-17,purchase,62.32,USD,completed,Wayne Hardware,,POS-EAST
TXN-00001079,BATCH-2026-08-17,ACCT-003426,2026-08-17,2026-08-18,purchase,5.60,USD,completed,Wayne Hardware,,ACH-BATCH
TXN-00000711,BATCH-2026-08-17,ACCT-002949,2026-08-16,2026-08-16,purchase,250.38,USD,completed,Northwind Traders,,POS-EAST
TXN-00000111,BATCH-2026-08-17,ACCT-003393,2026-08-16,2026-08-16,purchase,18.20,USD,completed,Initech Services,,POS-WEST
TXN-00001564,BATCH-2026-08-17,ACCT-004502,2026-08-17,2026-08-18,purchase,37.19,USD,completed,Stark Utilities,,ONLINE-CHECKOUT
TXN-00000648,BATCH-2026-08-17,ACCT-001981,2026-08-17,2026-08-18,purchase,23.71,USD,completed,Wayne Hardware,,POS-WEST
TXN-00000193,BATCH-2026-08-17,ACCT-003500,2026-08-16,2026-08-16,fee,134.17,USD,completed,Wonka Confections,,ACH-BATCH
TXN-00001018,BATCH-2026-08-17,ACCT-002197,2026-08-16,2026-08-17,refund,-80.29,USD,completed,Hooli Cloud,TXN-00000516,POS-WEST
TXN-00001596,BATCH-2026-08-17,ACCT-002421,2026-08-16,2026-08-17,purchase,6.74,USD,pending,Globex Corp,,ONLINE-CHECKOUT
TXN-00000185,BATCH-2026-08-17,ACCT-003650,2026-08-17,2026-08-18,purchase,20.68,USD,completed,Northwind Traders,,ACH-BATCH
TXN-00001301,BATCH-2026-08-17,ACCT-001806,2026-08-17,2026-08-17,purchase,15.82,USD,completed,Acme Wholesale,,ONLINE-CHECKOUT
TXN-00001487,BATCH-2026-08-17,ACCT-001373,2026-08-16,2026-08-17,adjustment,21.35,USD,completed,Fabrikam Supply,,ACH-BATCH
TXN-00001876,BATCH-2026-08-17,ACCT-000260,2026-08-17,2026-08-17,refund,0.00,USD,failed,Northwind Traders,TXN-00000026,ACH-BATCH
TXN-00000472,BATCH-2026-08-17,ACCT-003717,2026-08-17,2026-08-17,refund,-18.55,USD,pending,Acme Wholesale,TXN-00000038,POS-WEST
TXN-00000904,BATCH-2026-08-17,ACCT-003401,2026-08-17,2026-08-17,purchase,0.00,USD,failed,Hooli Cloud,,ONLINE-CHECKOUT
TXN-00000139,BATCH-2026-08-17,ACCT-001105,2026-08-16,2026-08-18,refund,-23.56,USD,completed,Contoso Retail,TXN-00001341,ACH-BATCH
TXN-00000009,BATCH-2026-08-17,ACCT-003459,2026-08-16,2026-08-16,purchase,63.21,USD,reversed,Acme Wholesale,,POS-EAST
TXN-00001856,BATCH-2026-08-17,ACCT-000745,2026-08-17,2026-08-17,purchase,119.91,USD,completed,Fabrikam Supply,,ACH-BATCH
TXN-00000408,BATCH-2026-08-17,ACCT-002084,2026-08-17,2026-08-17,refund,-33.55,USD,completed,Stark Utilities,TXN-00000035,POS-EAST
TXN-00000767,BATCH-2026-08-17,ACCT-004940,2026-08-17,2026-08-17,purchase,0.00,USD,failed,Wonka Confections,,ONLINE-CHECKOUT
TXN-00000146,BATCH-2026-08-17,ACCT-004702,2026-08-17,2026-08-18,purchase,10.65,USD,completed,Fabrikam Supply,,ONLINE-CHECKOUT
TXN-00000056,BATCH-2026-08-17,ACCT-000236,2026-08-16,2026-08-16,transfer,21.33,USD,completed,Stark Utilities,,ONLINE-CHECKOUT
TXN-00001696,BATCH-2026-08-17,ACCT-001509,2026-08-17,2026-08-17,purchase,35.20,USD,completed,Fabrikam Supply,,ONLINE-CHECKOUT
TXN-00001033,BATCH-2026-08-17,ACCT-002691,2026-08-16,2026-08-16,purchase,7.86,USD,completed,Contoso Retail,,ONLINE-CHECKOUT
TXN-00001082,BATCH-2026-08-17,ACCT-001982,2026-08-16,2026-08-16,adjustment,20.10,USD,pending,Fabrikam Supply,,ACH-BATCH
TXN-00000129,BATCH-2026-08-17,ACCT-001590,2026-08-17,2026-08-17,refund,-60.18,USD,completed,Umbrella Logistics,TXN-00000340,ACH-BATCH
TXN-00000724,BATCH-2026-08-17,ACCT-001720,2026-08-16,2026-08-17,purchase,5.36,EUR,completed,Stark Utilities,,POS-WEST
TXN-00001795,BATCH-2026-08-17,ACCT-001788,2026-08-17,2026-08-19,purchase,7.32,USD,completed,Contoso Retail,,POS-WEST
TXN-00000269,BATCH-2026-08-17,ACCT-004391,2026-08-17,2026-08-17,adjustment,9.30,USD,completed,Umbrella Logistics,,POS-WEST
TXN-00000033,BATCH-2026-08-17,ACCT-002877,2026-08-17,2026-08-17,transfer,-16.99,USD,completed,Pied Piper Software,,ACH-BATCH
TXN-00001620,BATCH-2026-08-17,ACCT-000722,2026-08-16,2026-08-16,transfer,-23.37,USD,completed,Acme Wholesale,,POS-WEST
TXN-00000864,BATCH-2026-08-17,ACCT-004660,2026-08-16,2026-08-17,purchase,13.02,USD,completed,Stark Utilities,,POS-EAST
TXN-00001552,BATCH-2026-08-17,ACCT-003455,2026-08-16,2026-08-16,purchase,160.10,USD,completed,Hooli Cloud,,ONLINE-CHECKOUT
TXN-00000316,BATCH-2026-08-17,ACCT-004797,2026-08-16,2026-08-16,purchase,63.47,USD,completed,Initech Services,,ACH-BATCH
TXN-00001796,BATCH-2026-08-17,ACCT-000749,2026-08-17,2026-08-18,refund,-15.22,USD,completed,Contoso Retail,TXN-00000882,ACH-BATCH
TXN-00000920,BATCH-2026-08-17,ACCT-003888,2026-08-17,2026-08-17,transfer,-15.25,USD,completed,Wayne Hardware,,ONLINE-CHECKOUT
TXN-00001808,BATCH-2026-08-17,ACCT-003523,2026-08-17,2026-08-17,fee,69.98,USD,completed,Initech Services,,ONLINE-CHECKOUT
TXN-00000022,BATCH-2026-08-17,ACCT-000983,2026-08-17,2026-08-17,purchase,34.94,CAD,completed,Acme Wholesale,,POS-WEST
TXN-00000917,BATCH-2026-08-17,ACCT-001956,2026-08-17,2026-08-17,purchase,103.13,EUR,completed,Contoso Retail,,POS-EAST
TXN-00000063,BATCH-2026-08-17,ACCT-000440,2026-08-17,2026-08-19,purchase,23.80,USD,completed,Fabrikam Supply,,POS-WEST
TXN-00000867,BATCH-2026-08-17,ACCT-003838,2026-08-16,2026-08-17,purchase,36.64,USD,completed,Pied Piper Software,,ACH-BATCH
TXN-00001110,BATCH-2026-08-17,ACCT-004971,2026-08-16,2026-08-17,adjustment,83.99,USD,pending,Acme Wholesale,,ACH-BATCH
TXN-00000635,BATCH-2026-08-17,ACCT-002651,2026-08-17,2026-08-17,purchase,428.10,USD,completed,Fabrikam Supply,,POS-EAST
TXN-00000286,BATCH-2026-08-17,ACCT-002751,2026-08-17,2026-08-18,purchase,64.70,USD,reversed,Stark Utilities,,POS-EAST
TXN-00000861,BATCH-2026-08-17,ACCT-001959,2026-08-16,2026-08-16,refund,-69.12,USD,completed,Globex Corp,TXN-00000026,POS-EAST
TXN-00000211,BATCH-2026-08-17,ACCT-004880,2026-08-16,2026-08-16,purchase,0.00,USD,failed,Wayne Hardware,,ONLINE-CHECKOUT
TXN-00000837,BATCH-2026-08-17,ACCT-003298,2026-08-17,2026-08-17,purchase,10.22,USD,completed,Contoso Retail,,POS-WEST
TXN-00000481,BATCH-2026-08-17,ACCT-004078,2026-08-17,2026-08-18,purchase,24.03,USD,completed,Stark Utilities,,POS-WEST
TXN-00000025,BATCH-2026-08-17,ACCT-004451,2026-08-17,2026-08-18,purchase,19.31,USD,completed,Hooli Cloud,,ONLINE-CHECKOUT
TXN-00000779,BATCH-2026-08-17,ACCT-004928,2026-08-16,2026-08-16,purchase,24.52,CAD,completed,Initech Services,,POS-WEST
TXN-00001771,BATCH-2026-08-17,ACCT-001849,2026-08-17,2026-08-17,purchase,24.80,USD,completed,Hooli Cloud,,POS-WEST
TXN-00001872,BATCH-2026-08-17,ACCT-000010,2026-08-17,2026-08-17,purchase,46.50,USD,completed,Fabrikam Supply,,ACH-BATCH
TXN-00000645,BATCH-2026-08-17,ACCT-002797,2026-08-16,2026-08-17,purchase,16.41,USD,completed,Fabrikam Supply,,POS-WEST
TXN-00000108,BATCH-2026-08-17,ACCT-002239,2026-08-17,2026-08-18,transfer,0.00,USD,failed,Hooli Cloud,,ONLINE-CHECKOUT
TXN-00001014,BATCH-2026-08-17,ACCT-002282,2026-08-16,2026-08-16,purchase,11.91,USD,completed,Stark Utilities,,ONLINE-CHECKOUT
TXN-00001263,BATCH-2026-08-17,ACCT-003871,2026-08-16,2026-08-16,refund,-32.41,USD,completed,Wonka Confections,TXN-00001780,POS-WEST
TXN-00001011,BATCH-2026-08-17,ACCT-000696,2026-08-16,2026-08-16,refund,-40.80,USD,completed,Contoso Retail,TXN-00000210,POS-EAST
TXN-00000253,BATCH-2026-08-17,ACCT-004866,2026-08-17,2026-08-17,refund,-7.43,USD,completed,Contoso Retail,TXN-00000007,POS-EAST
TXN-00000306,BATCH-2026-08-17,ACCT-001015,2026-08-16,2026-08-16,purchase,22.38,USD,pending,Pied Piper Software,,POS-EAST
TXN-00001684,BATCH-2026-08-17,ACCT-000383,2026-08-17,2026-08-17,purchase,147.11,USD,completed,Pied Piper Software,,ONLINE-CHECKOUT
TXN-00001405,BATCH-2026-08-17,ACCT-000469,2026-08-17,2026-08-17,purchase,138.00,EUR,completed,Pied Piper Software,,POS-EAST
TXN-00001223,BATCH-2026-08-17,ACCT-001866,2026-08-17,2026-08-18,transfer,10.96,USD,completed,Fabrikam Supply,,ACH-BATCH
TXN-00000344,BATCH-2026-08-17,ACCT-004794,2026-08-17,2026-08-19,refund,-28.36,USD,completed,Stark Utilities,TXN-00000259,POS-WEST
TXN-00000322,BATCH-2026-08-17,ACCT-004016,2026-08-16,2026-08-16,transfer,-34.22,USD,completed,Umbrella Logistics,,POS-WEST
TXN-00000832,BATCH-2026-08-17,ACCT-004500,2026-08-16,2026-08-17,fee,72.20,USD,completed,Initech Services,,POS-WEST
TXN-00001998,BATCH-2026-08-17,ACCT-000013,2026-08-17,2026-08-19,purchase,31.89,CAD,completed,Globex Corp,,ACH-BATCH
TXN-00000677,BATCH-2026-08-17,ACCT-003679,2026-08-17,2026-08-18,transfer,24.87,USD,completed,Fabrikam Supply,,ONLINE-CHECKOUT
TXN-00001970,BATCH-2026-08-17,ACCT-001611,2026-08-17,2026-08-17,adjustment,3.70,CAD,completed,Stark Utilities,,POS-WEST
TXN-00000580,BATCH-2026-08-17,ACCT-001544,2026-08-16,2026-08-16,purchase,12.37,USD,completed,Wonka Confections,,POS-EAST
TXN-00000581,BATCH-2026-08-17,ACCT-002971,2026-08-17,2026-08-19,purchase,23.43,USD,pending,Fabrikam Supply,,ACH-BATCH
TXN-00000433,BATCH-2026-08-17,ACCT-001957,2026-08-17,2026-08-18,purchase,32.81,USD,completed,Umbrella Logistics,,POS-EAST
TXN-00001085,BATCH-2026-08-17,ACCT-003273,2026-08-17,2026-08-17,refund,-35.24,EUR,completed,Hooli Cloud,TXN-00000925,ACH-BATCH
TXN-00000718,BATCH-2026-08-17,ACCT-001698,2026-08-16,2026-08-17,refund,-88.33,USD,completed,Globex Corp,TXN-00000870,POS-WEST
TXN-00001864,BATCH-2026-08-17,ACCT-001248,2026-08-17,2026-08-17,purchase,59.08,USD,completed,Globex Corp,,POS-WEST
TXN-00000713,BATCH-2026-08-17,ACCT-001723,2026-08-17,2026-08-17,purchase,40.41,USD,completed,Initech Services,,ACH-BATCH
TXN-00000798,BATCH-2026-08-17,ACCT-002213,2026-08-16,2026-08-16,purchase,63.57,EUR,completed,Contoso Retail,,POS-EAST
TXN-00001220,BATCH-2026-08-17,ACCT-000751,2026-08-17,2026-08-17,purchase,55.07,USD,completed,Northwind Traders,,ACH-BATCH
TXN-00001123,BATCH-2026-08-17,ACCT-001022,2026-08-17,2026-08-17,refund,-20.17,USD,completed,Contoso Retail,TXN-92680477,POS-WEST
TXN-00001934,BATCH-2026-08-17,ACCT-001980,2026-08-16,2026-08-16,purchase,13.27,CAD,completed,Wonka Confections,,POS-EAST
TXN-00000616,BATCH-2026-08-17,ACCT-001000,2026-08-17,2026-08-17,transfer,-14.98,CAD,completed,Wonka Confections,,POS-WEST
TXN-00001150,BATCH-2026-08-17,ACCT-003822,2026-08-16,2026-08-16,purchase,49.45,USD,completed,Wayne Hardware,,POS-WEST
TXN-00001292,BATCH-2026-08-17,ACCT-002198,2026-08-16,2026-08-16,purchase,29.72,USD,completed,Initech Services,,ONLINE-CHECKOUT
TXN-00001752,BATCH-2026-08-17,ACCT-004447,2026-08-17,2026-08-17,refund,-8.35,USD,completed,Contoso Retail,TXN-00001742,POS-WEST
TXN-00001142,BATCH-2026-08-17,ACCT-001628,2026-08-17,2026-08-17,purchase,85.13,EUR,pending,Hooli Cloud,,ONLINE-CHECKOUT
TXN-00000255,BATCH-2026-08-17,ACCT-003404,2026-08-16,2026-08-16,purchase,36.52,CAD,completed,Wayne Hardware,,ACH-BATCH
TXN-00001922,BATCH-2026-08-17,ACCT-003330,2026-08-16,2026-08-17,purchase,91.92,USD,completed,Pied Piper Software,,POS-EAST
TXN-00001947,BATCH-2026-08-17,ACCT-003942,2026-08-17,2026-08-17,transfer,11.15,USD,completed,Stark Utilities,,ONLINE-CHECKOUT
TXN-00000462,BATCH-2026-08-17,ACCT-004292,2026-08-17,2026-08-18,purchase,9.02,USD,completed,Fabrikam Supply,,ACH-BATCH
TXN-00000675,BATCH-2026-08-17,ACCT-002500,2026-08-17,2026-08-18,purchase,3.63,USD,completed,Initech Services,,POS-WEST
TXN-00000585,BATCH-2026-08-17,ACCT-004102,2026-08-16,2026-08-18,purchase,18.54,USD,completed,Hooli Cloud,,POS-WEST
TXN-00001937,BATCH-2026-08-17,ACCT-003527,2026-08-16,2026-08-18,transfer,29.11,USD,completed,Hooli Cloud,,ACH-BATCH
TXN-00000577,BATCH-2026-08-17,ACCT-002917,2026-08-17,2026-08-17,purchase,8.33,USD,completed,Northwind Traders,,ONLINE-CHECKOUT
TXN-00001902,BATCH-2026-08-17,ACCT-000869,2026-08-17,2026-08-17,purchase,92.43,USD,completed,Northwind Traders,,POS-WEST
TXN-00001141,BATCH-2026-08-17,ACCT-004533,2026-08-16,2026-08-16,purchase,15.96,USD,completed,Contoso Retail,,POS-WEST
TXN-00001531,BATCH-2026-08-17,ACCT-002911,2026-08-16,2026-08-16,purchase,27.21,USD,completed,Stark Utilities,,ACH-BATCH
TXN-00000586,BATCH-2026-08-17,ACCT-000036,2026-08-17,2026-08-17,purchase,3.13,USD,completed,Hooli Cloud,,POS-EAST
TXN-00001980,BATCH-2026-08-17,ACCT-003177,2026-08-16,2026-08-16,transfer,0.00,USD,failed,Globex Corp,,ACH-BATCH
TXN-00001707,BATCH-2026-08-17,ACCT-004346,2026-08-17,2026-08-17,purchase,13.64,USD,completed,Wonka Confections,,ACH-BATCH
TXN-00000281,BATCH-2026-08-17,ACCT-001454,2026-08-17,2026-08-17,purchase,14.44,USD,completed,Umbrella Logistics,,POS-EAST
TXN-00001210,BATCH-2026-08-17,ACCT-003645,2026-08-17,2026-08-19,purchase,33.00,USD,completed,Contoso Retail,,POS-EAST
TXN-00001291,BATCH-2026-08-17,ACCT-004958,2026-08-16,2026-08-16,transfer,-154.38,USD,completed,Acme Wholesale,,POS-WEST
TXN-00000560,BATCH-2026-08-17,ACCT-004066,2026-08-17,2026-08-17,purchase,7.83,USD,completed,Fabrikam Supply,,POS-WEST
TXN-00000528,BATCH-2026-08-17,ACCT-000008,2026-08-16,2026-08-17,purchase,5.59,USD,completed,Northwind Traders,,ACH-BATCH
TXN-00001927,BATCH-2026-08-17,ACCT-001438,2026-08-16,2026-08-17,purchase,4.57,USD,completed,Pied Piper Software,,POS-WEST
TXN-00001355,BATCH-2026-08-17,ACCT-002395,2026-08-16,2026-08-16,purchase,41.23,N/A,completed,Pied Piper Software,,ONLINE-CHECKOUT
TXN-00001986,BATCH-2026-08-17,ACCT-003398,2026-08-16,2026-08-17,purchase,23.18,USD,completed,Globex Corp,,ONLINE-CHECKOUT
TXN-00001010,BATCH-2026-08-17,ACCT-002026,2026-08-16,2026-08-16,purchase,3.93,USD,completed,Northwind Traders,,ONLINE-CHECKOUT
TXN-00000715,BATCH-2026-08-17,ACCT-002025,2026-08-17,2026-08-18,fee,16.89,USD,completed,Northwind Traders,,ONLINE-CHECKOUT
TXN-00000950,BATCH-2026-08-17,ACCT-003067,2026-08-17,2026-08-17,purchase,48.96,USD,completed,Acme Wholesale,,POS-EAST
TXN-00000273,BATCH-2026-08-17,ACCT-000529,2026-08-17,2026-08-17,transfer,3.36,USD,completed,Globex Corp,,ACH-BATCH
TXN-00000089,BATCH-2026-08-17,ACCT-001121,2026-08-17,2026-08-18,transfer,-13.10,USD,pending,Pied Piper Software,,POS-EAST
TXN-00000882,BATCH-2026-08-17,ACCT-003801,2026-08-17,2026-08-18,purchase,71.61,USD,completed,Wayne Hardware,,ACH-BATCH
TXN-00001093,BATCH-2026-08-17,ACCT-001838,2026-08-16,2026-08-16,transfer,70.06,USD,completed,Fabrikam Supply,,ONLINE-CHECKOUT
TXN-00001468,BATCH-2026-08-17,ACCT-000541,2026-08-16,2026-08-17,purchase,35.85,USD,completed,Pied Piper Software,,POS-EAST
TXN-00001277,BATCH-2026-08-17,ACCT-000232,2026-08-17,2026-08-18,purchase,38.25,CAD,completed,Wonka Confections,,ACH-BATCH
TXN-00000102,BATCH-2026-08-17,ACCT-002639,2026-08-16,2026-08-16,purchase,,EUR,completed,Acme Wholesale,,POS-WEST
TXN-00001734,BATCH-2026-08-17,ACCT-002078,2026-08-17,2026-08-18,purchase,14.37,USD,completed,Wayne Hardware,,ACH-BATCH
TXN-00000825,BATCH-2026-08-17,ACCT-004478,2026-08-17,2026-08-17,purchase,22.36,USD,completed,Acme Wholesale,,ONLINE-CHECKOUT
TXN-00000383,BATCH-2026-08-17,ACCT-001658,2026-08-17,2026-08-17,purchase,20.12,CAD,completed,Wonka Confections,,ACH-BATCH
TXN-00001330,BATCH-2026-08-17,ACCT-003842,2026-08-16,2026-08-17,adjustment,10.05,USD,completed,Initech Services,,ONLINE-CHECKOUT
TXN-00001177,BATCH-2026-08-17,ACCT-000318,2026-08-17,2026-08-17,purchase,58.83,USD,completed,Wonka Confections,,POS-EAST
TXN-00000230,BATCH-2026-08-17,ACCT-002997,2026-08-17,2026-08-17,purchase,66.59,USD,completed,Umbrella Logistics,,POS-WEST
TXN-00000474,BATCH-2026-08-17,ACCT-001185,2026-08-16,2026-08-16,purchase,32.78,USD,completed,Fabrikam Supply,,POS-EAST
TXN-00000751,BATCH-2026-08-17,ACCT-000050,2026-08-17,2026-08-18,transfer,18.73,USD,completed,Contoso Retail,,ACH-BATCH
TXN-00001224,BATCH-2026-08-17,ACCT-001973,2026-08-16,2026-08-16,purchase,13.64,USD,completed,Wonka Confections,,POS-EAST
TXN-00001426,BATCH-2026-08-17,ACCT-003014,2026-08-16,2026-08-16,purchase,31.12,USD,completed,Acme Wholesale,,ONLINE-CHECKOUT
TXN-00000958,BATCH-2026-08-17,ACCT-000661,2026-08-17,2026-08-17,purchase,7.88,CAD,pending,Wonka Confections,,ACH-BATCH
TXN-00001165,BATCH-2026-08-17,ACCT-003033,2026-08-16,2026-08-17,purchase,46.35,USD,completed,Umbrella Logistics,,POS-WEST
TXN-00001727,BATCH-2026-08-17,ACCT-001677,2026-08-17,2026-08-17,purchase,27.20,USD,completed,Initech Services,,POS-WEST
TXN-00001551,BATCH-2026-08-17,ACCT-002731,2026-08-17,2026-08-17,purchase,47.81,USD,completed,Hooli Cloud,,ACH-BATCH
TXN-00000943,BATCH-2026-08-17,ACCT-003901,2026-08-17,2026-08-17,purchase,55.87,USD,completed,Stark Utilities,,ONLINE-CHECKOUT
TXN-00001953,BATCH-2026-08-17,ACCT-003618,2026-08-17,2026-08-17,purchase,32.13,USD,completed,Stark Utilities,,ACH-BATCH
TXN-00001905,BATCH-2026-08-17,ACCT-003868,2026-08-16,2026-08-16,refund,-50.57,ZZZ,completed,Northwind Traders,TXN-00001318,ACH-BATCH
TXN-00001411,BATCH-2026-08-17,ACCT-001970,2026-08-17,2026-08-17,transfer,6.42,USD,completed,Wayne Hardware,,ACH-BATCH
TXN-00000324,BATCH-2026-08-17,ACCT-000399,2026-08-16,2026-08-17,purchase,10.91,USD,completed,Acme Wholesale,,POS-EAST
TXN-00001783,BATCH-2026-08-17,ACCT-000258,2026-08-16,2026-08-17,purchase,17.76,USD,completed,Fabrikam Supply,,ACH-BATCH
TXN-00000538,BATCH-2026-08-17,ACCT-004768,2026-08-17,2026-08-18,purchase,28.41,USD,completed,Northwind Traders,,POS-WEST
TXN-00001952,BATCH-2026-08-17,ACCT-002604,2026-08-17,2026-08-17,transfer,201.99,USD,completed,Contoso Retail,,ONLINE-CHECKOUT
TXN-00000048,BATCH-2026-08-17,ACCT-001489,2026-08-17,2026-08-17,fee,10.72,CAD,completed,Northwind Traders,,ONLINE-CHECKOUT
TXN-00000278,BATCH-2026-08-17,ACCT-000459,2026-08-16,2026-08-16,purchase,34.13,CAD,completed,Globex Corp,,ACH-BATCH
TXN-00000748,BATCH-2026-08-17,ACCT-000651,2026-08-16,2026-08-16,purchase,21.20,CAD,completed,Northwind Traders,,POS-WEST
TXN-00000294,BATCH-2026-08-17,ACCT-002157,2026-08-16,2026-08-16,transfer,63.05,USD,completed,Stark Utilities,,ACH-BATCH
TXN-00000060,BATCH-2026-08-17,ACCT-001517,2026-08-17,2026-08-18,refund,-8.10,USD,completed,Globex Corp,TXN-00001216,POS-WEST
TXN-00001309,BATCH-2026-08-17,ACCT-003583,2026-08-16,2026-08-16,purchase,21.19,USD,completed,Initech Services,,ONLINE-CHECKOUT
TXN-00000486,BATCH-2026-08-17,ACCT-004377,2026-08-16,2026-08-16,purchase,16.49,USD,completed,Fabrikam Supply,,ACH-BATCH
TXN-00001518,BATCH-2026-08-17,ACCT-004886,2026-08-17,2026-08-17,purchase,0.00,USD,completed,Initech Services,,ACH-BATCH
TXN-00001650,BATCH-2026-08-17,ACCT-001020,2026-08-17,2026-08-17,purchase,91.93,USD,completed,Wonka Confections,,ACH-BATCH
TXN-00000121,BATCH-2026-08-17,ACCT-000337,2026-08-16,2026-08-16,purchase,36.70,CAD,completed,Stark Utilities,,POS-WEST
TXN-00000338,BATCH-2026-08-17,ACCT-004084,2026-08-17,2026-08-17,purchase,56.99,USD,completed,Stark Utilities,,ONLINE-CHECKOUT
TXN-00000243,BATCH-2026-08-17,ACCT-001070,2026-08-16,2026-08-16,purchase,11.73,USD,completed,Acme Wholesale,,ACH-BATCH
TXN-00001214,BATCH-2026-08-17,ACCT-003678,2026-08-17,2026-08-17,purchase,13.71,USD,completed,Wayne Hardware,,ONLINE-CHECKOUT
TXN-00000090,BATCH-2026-08-17,ACCT-002677,2026-08-16,2026-08-16,transfer,-19.29,USD,completed,Hooli Cloud,,ACH-BATCH
TXN-00001202,BATCH-2026-08-17,ACCT-004342,2026-08-16,2026-08-16,transfer,11.61,USD,completed,Globex Corp,,POS-WEST
TXN-00000444,BATCH-2026-08-17,ACCT-002461,2026-08-16,2026-08-17,purchase,14.60,USD,completed,Contoso Retail,,ACH-BATCH
TXN-00000023,BATCH-2026-08-17,ACCT-001956,2026-08-16,2026-08-18,purchase,4.91,USD,completed,Initech Services,,ACH-BATCH
TXN-00000248,BATCH-2026-08-17,ACCT-000840,2026-08-17,2026-08-17,refund,-15.49,USD,reversed,Contoso Retail,TXN-00001249,ONLINE-CHECKOUT
TXN-00001988,BATCH-2026-08-17,ACCT-000637,2026-08-16,2026-08-16,purchase,41.27,USD,completed,Wonka Confections,,ACH-BATCH
TXN-00001117,BATCH-2026-08-17,ACCT-001247,2026-08-16,2026-08-17,purchase,15.20,USD,reversed,Pied Piper Software,,ONLINE-CHECKOUT
TXN-00001278,BATCH-2026-08-17,ACCT-002075,2026-08-16,2026-08-17,purchase,29.96,USD,completed,Acme Wholesale,,POS-EAST
TXN-00000017,BATCH-2026-08-17,ACCT-000773,2026-08-16,2026-08-16,purchase,22.87,USD,completed,Contoso Retail,,ACH-BATCH
TXN-00001716,BATCH-2026-08-17,ACCT-004297,2026-08-17,2026-08-19,purchase,100.84,USD,completed,Acme Wholesale,,ONLINE-CHECKOUT
TXN-00000545,BATCH-2026-08-17,ACCT-002669,2026-08-16,2026-08-16,purchase,17.54,USD,completed,Globex Corp,,POS-EAST
TXN-00000879,BATCH-2026-08-17,ACCT-003584,2026-08-17,2026-08-17,purchase,7.53,USD,completed,Pied Piper Software,,ONLINE-CHECKOUT
TXN-00001297,BATCH-2026-08-17,ACCT-003085,2026-08-16,2026-08-16,refund,-30.54,USD,pending,Wonka Confections,TXN-00000188,ACH-BATCH
TXN-00001326,BATCH-2026-08-17,ACCT-004490,2026-08-16,2026-08-17,purchase,19.86,USD,completed,Hooli Cloud,,POS-EAST
TXN-00000180,BATCH-2026-08-17,ACCT-002137,2026-08-17,2026-08-17,transfer,10.80,USD,completed,Wayne Hardware,,POS-WEST
TXN-00001313,BATCH-2026-08-17,ACCT-001376,2026-08-17,2026-08-17,purchase,22.65,CAD,completed,Globex Corp,,POS-EAST
TXN-00001088,BATCH-2026-08-17,ACCT-002256,2026-08-16,2026-08-16,refund,-22.13,USD,completed,Acme Wholesale,TXN-00001920,POS-EAST
TXN-00001497,BATCH-2026-08-17,ACCT-002868,2026-08-17,2026-08-18,purchase,13.35,USD,completed,Stark Utilities,,ACH-BATCH
TXN-00000265,BATCH-2026-08-17,ACCT-000079,2026-08-17,2026-08-17,fee,29.26,USD,completed,Umbrella Logistics,,POS-EAST
TXN-00000091,BATCH-2026-08-17,ACCT-003948,2026-08-16,2026-08-16,purchase,2.89,USD,completed,Initech Services,,ONLINE-CHECKOUT
TXN-00000760,BATCH-2026-08-17,ACCT-001323,2026-08-16,2026-08-16,purchase,35.11,USD,completed,Northwind Traders,,POS-EAST
TXN-00000018,BATCH-2026-08-17,ACCT-000896,2026-08-17,2026-08-18,purchase,19.54,CAD,completed,Globex Corp,,POS-WEST
TXN-00001699,BATCH-2026-08-17,ACCT-000112,2026-08-16,2026-08-17,purchase,34.81,CAD,completed,Pied Piper Software,,POS-EAST
TXN-00000889,BATCH-2026-08-17,ACCT-001588,2026-08-16,2026-08-16,refund,33.20,USD,failed,Wonka Confections,TXN-00001737,POS-WEST
TXN-00001948,BATCH-2026-08-17,ACCT-000762,2026-08-17,2026-08-17,purchase,74.14,USD,completed,Acme Wholesale,,POS-WEST
TXN-00000811,BATCH-2026-08-17,ACCT-002865,2026-08-17,2026-08-19,adjustment,22.48,EUR,pending,Hooli Cloud,,POS-WEST
TXN-00000812,BATCH-2026-08-17,ACCT-001015,2026-08-17,2026-08-17,purchase,25.18,USD,completed,Stark Utilities,,POS-EAST
TXN-00000086,BATCH-2026-08-17,ACCT-002831,2026-08-16,2026-08-17,purchase,9.53,USD,completed,Acme Wholesale,,ONLINE-CHECKOUT
TXN-00001910,BATCH-2026-08-17,ACCT-002988,2026-08-17,2026-08-17,refund,-68.04,USD,completed,Hooli Cloud,TXN-00000931,ACH-BATCH
TXN-00000806,BATCH-2026-08-17,ACCT-001118,2026-08-17,2026-08-19,refund,-19.32,USD,completed,Stark Utilities,TXN-00001581,ACH-BATCH
TXN-00000107,BATCH-2026-08-17,ACCT-004704,2026-08-16,2026-08-17,purchase,10.37,USD,completed,Globex Corp,,ACH-BATCH
TXN-00001748,BATCH-2026-08-17,ACCT-002475,2026-08-17,2026-08-18,transfer,45.27,USD,completed,Stark Utilities,,POS-EAST
TXN-00000678,BATCH-2026-08-17,ACCT-003630,2026-08-16,2026-08-16,purchase,17.26,USD,completed,Hooli Cloud,,ONLINE-CHECKOUT
TXN-00000100,BATCH-2026-08-17,ACCT-003449,2026-08-16,2026-08-16,purchase,16.20,USD,completed,Wonka Confections,,POS-EAST
TXN-00000822,BATCH-2026-08-17,ACCT-002338,2026-08-16,2026-08-17,purchase,35.34,USD,completed,Stark Utilities,,ONLINE-CHECKOUT
TXN-00001059,BATCH-2026-08-17,ACCT-003725,2026-08-17,2026-08-17,adjustment,12.72,USD,completed,Northwind Traders,,ACH-BATCH
TXN-00000796,BATCH-2026-08-17,ACCT-003485,2026-08-17,2026-08-17,purchase,10.35,USD,completed,Hooli Cloud,,POS-WEST
TXN-00000443,BATCH-2026-08-17,ACCT-004683,2026-08-16,2026-08-18,purchase,25.55,USD,completed,Fabrikam Supply,,POS-EAST
TXN-00000013,BATCH-2026-08-17,ACCT-000646,2026-08-16,2026-08-16,purchase,9.73,USD,completed,Contoso Retail,,ACH-BATCH
TXN-00000919,BATCH-2026-08-17,ACCT-003906,2026-08-17,2026-08-17,purchase,24.95,USD,completed,Hooli Cloud,,ONLINE-CHECKOUT
TXN-00001138,BATCH-2026-08-17,ACCT-004472,2026-08-16,2026-08-16,purchase,7.67,USD,completed,Stark Utilities,,POS-EAST
TXN-00001665,BATCH-2026-08-17,ACCT-000496,2026-08-17,2026-08-17,purchase,51.22,CAD,completed,Initech Services,,ONLINE-CHECKOUT
TXN-00001913,BATCH-2026-08-17,ACCT-003049,2026-08-16,2026-08-16,transfer,18.32,USD,completed,Acme Wholesale,,ACH-BATCH
TXN-00000766,BATCH-2026-08-17,ACCT-000826,2026-08-17,2026-08-17,purchase,31.60,USD,completed,Northwind Traders,,POS-EAST
TXN-00000266,BATCH-2026-08-17,ACCT-004031,2026-08-16,2026-08-16,refund,-26.06,USD,completed,Northwind Traders,TXN-00001372,POS-WEST
TXN-00000034,BATCH-2026-08-17,ACCT-000889,2026-08-17,2026-08-17,purchase,64.86,USD,completed,Acme Wholesale,,ACH-BATCH
TXN-00000617,BATCH-2026-08-17,ACCT-001929,2026-08-16,2026-08-18,transfer,61.74,CAD,failed,Initech Services,,POS-WEST
TXN-00001095,BATCH-2026-08-17,ACCT-004381,2026-08-17,2026-08-19,refund,-24.92,USD,completed,Hooli Cloud,TXN-00001636,POS-EAST
TXN-00001516,BATCH-2026-08-17,ACCT-001708,2026-08-17,2026-08-17,purchase,11.40,USD,completed,Wonka Confections,,POS-EAST
TXN-00001787,BATCH-2026-08-17,ACCT-003304,2026-08-17,2026-08-17,refund,-16.56,USD,pending,Contoso Retail,TXN-00001212,ONLINE-CHECKOUT
TXN-00000788,BATCH-2026-08-17,ACCT-004176,2026-08-17,2026-08-17,purchase,4.82,USD,completed,Globex Corp,,POS-EAST
TXN-00001535,BATCH-2026-08-17,ACCT-003829,2026-08-17,2026-08-18,purchase,4.54,USD,completed,Contoso Retail,,ONLINE-CHECKOUT
TXN-00000283,BATCH-2026-08-17,ACCT-004825,2026-08-16,2026-08-17,fee,43.40,USD,completed,Fabrikam Supply,,ACH-BATCH
TXN-00000028,BATCH-2026-08-17,ACCT-001072,2026-08-16,2026-08-17,purchase,8.53,USD,pending,Pied Piper Software,,ONLINE-CHECKOUT
TXN-00000476,BATCH-2026-08-17,ACCT-004568,2026-08-16,2026-08-16,purchase,55.56,USD,completed,Globex Corp,,POS-EAST
TXN-00001811,BATCH-2026-08-17,ACCT-003751,2026-08-16,2026-08-17,transfer,-25.70,USD,completed,Acme Wholesale,,ONLINE-CHECKOUT
TXN-00001992,BATCH-2026-08-17,ACCT-004388,2026-08-16,2026-08-16,transfer,-12.61,USD,completed,Pied Piper Software,,POS-WEST
TXN-00000770,BATCH-2026-08-17,ACCT-003385,2026-08-17,2026-08-17,transfer,41.92,USD,completed,Pied Piper Software,,POS-WEST
TXN-00001780,BATCH-2026-08-17,ACCT-002884,2026-08-16,2026-08-16,purchase,35.60,USD,completed,Pied Piper Software,,ONLINE-CHECKOUT
TXN-00001555,BATCH-2026-08-17,ACCT-001868,2026-08-17,2026-08-17,purchase,14.76,USD,completed,Acme Wholesale,,POS-EAST
TXN-00001440,BATCH-2026-08-17,ACCT-000965,2026-08-17,2026-08-19,purchase,0.00,USD,failed,Stark Utilities,,ACH-BATCH
TXN-00000670,BATCH-2026-08-17,ACCT-002686,2026-08-17,2026-08-18,purchase,25.54,USD,completed,Wonka Confections,,POS-WEST
TXN-00000509,BATCH-2026-08-17,ACCT-003366,2026-08-16,2026-08-17,purchase,10.85,USD,completed,Wonka Confections,,ONLINE-CHECKOUT
TXN-00000369,BATCH-2026-08-17,ACCT-002717,2026-08-16,2026-08-16,purchase,12.46,USD,completed,Stark Utilities,,ACH-BATCH
TXN-00000835,BATCH-2026-08-17,ACCT-003020,2026-08-16,2026-08-16,refund,-5.40,USD,completed,Fabrikam Supply,TXN-00001116,ACH-BATCH
TXN-00001906,BATCH-2026-08-17,ACCT-002988,2026-08-16,2026-08-17,refund,-6.07,USD,completed,Hooli Cloud,TXN-00001351,POS-WEST
TXN-00000836,BATCH-2026-08-17,ACCT-002311,2026-08-17,2026-08-17,purchase,23.24,USD,completed,Northwind Traders,,ONLINE-CHECKOUT
TXN-00000794,BATCH-2026-08-17,ACCT-000367,2026-08-16,2026-08-17,purchase,25.85,USD,completed,Globex Corp,,POS-EAST
TXN-00001647,BATCH-2026-08-17,ACCT-001373,2026-08-17,2026-08-17,purchase,31.52,USD,completed,Wayne Hardware,,POS-EAST
TXN-00000996,BATCH-2026-08-17,ACCT-001121,2026-08-17,2026-08-17,purchase,21.29,USD,completed,Initech Services,,POS-EAST
TXN-00001624,BATCH-2026-08-17,ACCT-004483,2026-08-16,2026-08-16,fee,93.67,USD,completed,Initech Services,,POS-WEST
TXN-00000863,BATCH-2026-08-17,ACCT-001468,2026-08-17,2026-08-17,purchase,19.46,USD,completed,Hooli Cloud,,ACH-BATCH
TXN-00000558,BATCH-2026-08-17,ACCT-003055,2026-08-16,2026-08-16,refund,-21.63,USD,completed,Umbrella Logistics,TXN-00000406,ACH-BATCH
TXN-00001181,BATCH-2026-08-17,ACCT-001623,2026-08-16,2026-08-17,transfer,33.39,USD,completed,Initech Services,,ACH-BATCH
TXN-00000500,BATCH-2026-08-17,ACCT-001418,2026-08-16,2026-08-16,purchase,11.06,USD,completed,Pied Piper Software,,POS-EAST
TXN-00001494,BATCH-2026-08-17,ACCT-001417,2026-08-17,2026-08-19,purchase,10.48,EUR,completed,Hooli Cloud,,POS-EAST
TXN-00000695,BATCH-2026-08-17,ACCT-000190,2026-08-16,2026-08-18,purchase,39.93,USD,completed,Hooli Cloud,,ONLINE-CHECKOUT
TXN-00001173,BATCH-2026-08-17,ACCT-003526,2026-08-16,2026-08-16,refund,-17.21,USD,completed,Initech Services,TXN-00000727,ACH-BATCH
TXN-00001265,BATCH-2026-08-17,ACCT-001128,2026-08-16,2026-08-17,purchase,10.43,USD,completed,Umbrella Logistics,,ONLINE-CHECKOUT
TXN-00001686,BATCH-2026-08-17,ACCT-001597,2026-08-17,2026-08-18,purchase,16.92,USD,pending,Contoso Retail,,ACH-BATCH
TXN-00000151,BATCH-2026-08-17,ACCT-000605,2026-08-16,2026-08-16,purchase,257.87,USD,completed,Fabrikam Supply,,ONLINE-CHECKOUT
TXN-00001528,BATCH-2026-08-17,ACCT-000108,2026-08-17,2026-08-17,purchase,0.00,USD,completed,Wonka Confections,,POS-EAST
TXN-00000800,BATCH-2026-08-17,ACCT-002512,2026-08-17,2026-08-18,purchase,0.00,USD,failed,Acme Wholesale,,ACH-BATCH
TXN-00000593,BATCH-2026-08-17,ACCT-000816,2026-08-16,2026-08-16,purchase,30.85,USD,completed,Hooli Cloud,,POS-EAST
TXN-00000131,BATCH-2026-08-17,ACCT-001819,2026-08-17,2026-08-18,refund,-9.32,USD,completed,Stark Utilities,TXN-00001195,ONLINE-CHECKOUT
TXN-00001538,BATCH-2026-08-17,ACCT-000986,2026-08-16,2026-08-17,adjustment,-32.63,USD,completed,Wayne Hardware,,ACH-BATCH
TXN-00000909,BATCH-2026-08-17,ACCT-001971,2026-08-16,2026-08-17,refund,-42.23,EUR,completed,Acme Wholesale,TXN-00001527,ACH-BATCH
TXN-00000164,BATCH-2026-08-17,ACCT-004936,2026-08-16,2026-08-16,purchase,19.25,USD,completed,Wonka Confections,,ACH-BATCH
TXN-00000403,BATCH-2026-08-17,ACCT-000987,2026-08-16,2026-08-17,purchase,53.77,USD,completed,Hooli Cloud,,ACH-BATCH
TXN-00001312,BATCH-2026-08-17,ACCT-001900,2026-08-17,2026-08-17,purchase,13.37,USD,completed,Contoso Retail,,POS-EAST
TXN-00000282,BATCH-2026-08-17,ACCT-002473,2026-08-17,2026-08-18,purchase,20.51,CAD,completed,Umbrella Logistics,,POS-WEST
TXN-00001583,BATCH-2026-08-17,ACCT-003109,2026-08-17,2026-08-17,purchase,87.86,USD,completed,Pied Piper Software,,POS-WEST
TXN-00001800,BATCH-2026-08-17,ACCT-003721,2026-08-17,2026-08-17,purchase,30.17,USD,pending,Initech Services,,ONLINE-CHECKOUT
TXN-00001391,BATCH-2026-08-17,ACCT-001976,2026-08-17,2026-08-17,transfer,-9.40,CAD,completed,Northwind Traders,,ACH-BATCH
TXN-00001090,BATCH-2026-08-17,ACCT-004977,2026-08-16,2026-08-16,purchase,42.13,USD,completed,Initech Services,,ACH-BATCH
TXN-00001769,BATCH-2026-08-17,ACCT-001670,2026-08-17,2026-08-18,transfer,-25.11,USD,completed,Globex Corp,,ACH-BATCH
TXN-00000117,BATCH-2026-08-17,ACCT-004347,2026-08-16,2026-08-17,purchase,4.12,USD,completed,Wonka Confections,,POS-WEST
TXN-00001618,BATCH-2026-08-17,ACCT-000710,2026-08-17,2026-08-19,refund,-6.98,USD,completed,Wonka Confections,TXN-00001063,ONLINE-CHECKOUT
TXN-00001924,BATCH-2026-08-17,ACCT-002682,2026-08-17,2026-08-17,purchase,39.07,USD,completed,Acme Wholesale,,ACH-BATCH
TXN-00001488,BATCH-2026-08-17,ACCT-002980,2026-08-16,2026-08-16,refund,-13.44,EUR,completed,Umbrella Logistics,TXN-00001036,ONLINE-CHECKOUT
TXN-00000984,BATCH-2026-08-17,ACCT-003359,2026-08-17,2026-08-18,transfer,-41.98,USD,completed,Umbrella Logistics,,POS-EAST
TXN-00000607,BATCH-2026-08-17,ACCT-003554,2026-08-16,2026-08-16,purchase,0.00,USD,failed,Acme Wholesale,,POS-EAST
TXN-00001939,BATCH-2026-08-17,ACCT-003430,2026-08-17,2026-08-17,purchase,14.20,USD,completed,Hooli Cloud,,ACH-BATCH
TXN-00001457,BATCH-2026-08-17,ACCT-004377,2026-08-17,2026-08-18,purchase,57.51,USD,reversed,Contoso Retail,,POS-WEST
TXN-00000745,BATCH-2026-08-17,ACCT-004663,2026-08-16,2026-08-18,purchase,6.52,USD,completed,Fabrikam Supply,,ONLINE-CHECKOUT
TXN-00000559,BATCH-2026-08-17,ACCT-000538,2026-08-16,2026-08-16,purchase,13.16,USD,completed,Globex Corp,,ACH-BATCH
TXN-00000978,BATCH-2026-08-17,ACCT-000367,2026-08-16,2026-08-18,purchase,79.35,USD,failed,Acme Wholesale,,POS-WEST
TXN-00000975,BATCH-2026-08-17,ACCT-004560,2026-08-17,2026-08-17,transfer,5.37,USD,completed,Globex Corp,,ACH-BATCH
TXN-00000015,BATCH-2026-08-17,ACCT-004240,2026-08-17,2026-08-18,adjustment,15.26,USD,pending,Stark Utilities,,POS-EAST
TXN-00001389,BATCH-2026-08-17,ACCT-004494,2026-08-16,2026-08-16,purchase,36.99,USD,completed,Stark Utilities,,POS-WEST
TXN-00000964,BATCH-2026-08-17,ACCT-000630,2026-08-17,2026-08-18,purchase,23.63,EUR,completed,Contoso Retail,,ONLINE-CHECKOUT
TXN-00001231,BATCH-2026-08-17,ACCT-004972,2026-08-16,2026-08-16,purchase,16.06,USD,completed,Hooli Cloud,,ACH-BATCH
TXN-00000463,BATCH-2026-08-17,ACCT-000970,2026-08-17,2026-08-17,fee,0.00,USD,failed,Fabrikam Supply,,ONLINE-CHECKOUT
TXN-00000643,BATCH-2026-08-17,ACCT-003807,2026-08-17,2026-08-17,purchase,25.23,USD,completed,Pied Piper Software,,ONLINE-CHECKOUT
TXN-00001974,BATCH-2026-08-17,ACCT-002747,2026-08-16,2026-08-16,purchase,13.13,USD,completed,Globex Corp,,ACH-BATCH
TXN-00000301,BATCH-2026-08-17,ACCT-003291,,2026-08-16,transfer,-16.36,USD,completed,Northwind Traders,,ACH-BATCH
TXN-00000326,BATCH-2026-08-17,ACCT-004962,2026-08-16,2026-08-17,purchase,34.59,USD,completed,Hooli Cloud,,POS-WEST
TXN-00001377,BATCH-2026-08-17,ACCT-001787,2026-08-17,2026-08-18,purchase,34.05,EUR,completed,Initech Services,,POS-EAST
TXN-00001401,BATCH-2026-08-17,ACCT-001979,2026-08-17,2026-08-17,purchase,102.31,USD,completed,Wonka Confections,,POS-EAST
TXN-00001636,BATCH-2026-08-17,ACCT-000528,2026-08-17,2026-08-17,purchase,88.25,USD,completed,Contoso Retail,,ONLINE-CHECKOUT
TXN-00000932,BATCH-2026-08-17,ACCT-000804,2026-08-17,2026-08-18,purchase,35.39,CAD,completed,Initech Services,,ONLINE-CHECKOUT
TXN-00000605,BATCH-2026-08-17,ACCT-004424,2026-08-17,2026-08-17,purchase,24.78,USD,completed,Umbrella Logistics,,POS-WEST
TXN-00000067,BATCH-2026-08-17,ACCT-004832,2026-08-16,2026-08-16,purchase,14.02,USD,completed,Pied Piper Software,,POS-WEST
TXN-00000826,BATCH-2026-08-17,ACCT-002069,2026-08-17,2026-08-17,purchase,8.51,USD,completed,Wonka Confections,,ONLINE-CHECKOUT
TXN-00001344,BATCH-2026-08-17,ACCT-004815,2026-08-17,2026-08-19,purchase,54.12,USD,completed,Initech Services,,POS-WEST
TXN-00001217,BATCH-2026-08-17,ACCT-003686,2026-08-16,2026-08-16,purchase,23.96,CAD,completed,Pied Piper Software,,POS-EAST
TXN-00000229,BATCH-2026-08-17,ACCT-000037,2026-08-16,2026-08-16,refund,-21.40,USD,completed,Hooli Cloud,TXN-00000207,POS-WEST
TXN-00000245,BATCH-2026-08-17,ACCT-002245,2026-08-17,2026-08-18,purchase,2.15,USD,reversed,Contoso Retail,,ONLINE-CHECKOUT
TXN-00001348,BATCH-2026-08-17,ACCT-002956,2026-08-17,2026-08-18,purchase,14.11,USD,completed,Hooli Cloud,,ONLINE-CHECKOUT
TXN-00000382,BATCH-2026-08-17,ACCT-004774,2026-08-17,2026-08-17,purchase,20.89,CAD,reversed,Fabrikam Supply,,ONLINE-CHECKOUT
TXN-00000494,BATCH-2026-08-17,ACCT-003653,2026-08-17,2026-08-18,purchase,125.26,USD,completed,Acme Wholesale,,ONLINE-CHECKOUT
TXN-00001941,BATCH-2026-08-17,ACCT-000284,2026-08-16,2026-08-17,purchase,10.28,USD,unknown_status_10,Acme Wholesale,,POS-WEST
TXN-00001530,BATCH-2026-08-17,ACCT-001635,2026-08-17,2026-08-17,purchase,97.48,USD,completed,Wayne Hardware,,POS-WEST
TXN-00000334,BATCH-2026-08-17,ACCT-003999,2026-08-17,2026-08-18,purchase,79.06,USD,completed,Contoso Retail,,ACH-BATCH
TXN-00000703,BATCH-2026-08-17,ACCT-000830,2026-08-17,2026-08-17,purchase,22.27,CAD,completed,Umbrella Logistics,,POS-EAST
TXN-00001997,BATCH-2026-08-17,ACCT-004751,2026-08-17,2026-08-18,purchase,0.00,USD,failed,Northwind Traders,,POS-EAST
TXN-00001149,BATCH-2026-08-17,ACCT-000841,2026-08-16,2026-08-16,purchase,10.40,USD,completed,Pied Piper Software,,ACH-BATCH
TXN-00000694,BATCH-2026-08-17,ACCT-004521,2026-08-17,2026-08-18,purchase,30.29,USD,reversed,Globex Corp,,POS-WEST
TXN-00001134,BATCH-2026-08-17,ACCT-000674,2026-08-17,2026-08-17,refund,-42.52,USD,completed,Hooli Cloud,TXN-00001774,POS-EAST
TXN-00000565,BATCH-2026-08-17,ACCT-000285,2026-08-16,2026-08-16,purchase,8.06,USD,reversed,Pied Piper Software,,ONLINE-CHECKOUT
TXN-00001101,BATCH-2026-08-17,ACCT-004598,2026-08-16,2026-08-16,purchase,26.45,USD,completed,Wonka Confections,,ONLINE-CHECKOUT
TXN-00000687,BATCH-2026-08-17,ACCT-004376,2026-08-16,2026-08-17,purchase,16.40,USD,completed,Acme Wholesale,,POS-EAST
TXN-00000198,BATCH-2026-08-17,ACCT-003924,2026-08-17,2026-08-17,purchase,3.85,USD,pending,Globex Corp,,POS-WEST
TXN-00000206,BATCH-2026-08-17,ACCT-000661,2026-08-17,2026-08-19,purchase,0.00,USD,failed,Pied Piper Software,,POS-EAST
TXN-00000776,BATCH-2026-08-17,ACCT-002123,2026-08-16,2026-08-17,purchase,21.61,USD,completed,Contoso Retail,,ONLINE-CHECKOUT
TXN-00000799,BATCH-2026-08-17,ACCT-001850,2026-08-17,2026-08-17,purchase,17.22,USD,completed,Initech Services,,POS-EAST
TXN-00001661,BATCH-2026-08-17,ACCT-000582,2026-08-16,2026-08-18,adjustment,6.37,USD,completed,Pied Piper Software,,POS-EAST
TXN-00000298,BATCH-2026-08-17,ACCT-000549,2026-08-17,2026-08-17,adjustment,80.17,USD,completed,Contoso Retail,,ACH-BATCH
TXN-00001754,BATCH-2026-08-17,ACCT-001263,2026-08-16,2026-08-16,purchase,7.46,USD,completed,Pied Piper Software,,ACH-BATCH
TXN-00001960,BATCH-2026-08-17,ACCT-003324,,2026-08-16,purchase,11.65,USD,completed,Fabrikam Supply,,ONLINE-CHECKOUT
TXN-00000409,BATCH-2026-08-17,ACCT-004961,2026-08-16,2026-08-16,purchase,19.89,USD,completed,Globex Corp,,POS-WEST
TXN-00000189,BATCH-2026-08-17,ACCT-003475,2026-08-17,2026-08-18,fee,20.02,USD,completed,Wonka Confections,,ACH-BATCH
TXN-00000162,BATCH-2026-08-17,ACCT-002998,2026-08-17,2026-08-18,purchase,108.58,USD,completed,Northwind Traders,,ACH-BATCH
TXN-00000456,BATCH-2026-08-17,ACCT-002951,2026-08-17,2026-08-17,purchase,51.15,USD,completed,Contoso Retail,,POS-EAST
TXN-00001773,BATCH-2026-08-17,ACCT-000779,2026-08-17,2026-08-17,purchase,81.85,USD,pending,Pied Piper Software,,POS-EAST
TXN-00000578,BATCH-2026-08-17,ACCT-001370,2026-08-17,2026-08-18,purchase,14.29,USD,completed,Wonka Confections,,ONLINE-CHECKOUT
TXN-00001814,BATCH-2026-08-17,ACCT-004757,2026-08-16,2026-08-17,purchase,11.10,USD,completed,Wonka Confections,,ONLINE-CHECKOUT
TXN-00001289,BATCH-2026-08-17,ACCT-003419,2026-08-16,2026-08-16,purchase,4.76,USD,completed,Contoso Retail,,POS-EAST
TXN-00001419,BATCH-2026-08-17,ACCT-001100,2026-08-17,2026-08-18,refund,-6.94,USD,completed,Stark Utilities,TXN-00001929,POS-EAST
TXN-00001685,BATCH-2026-08-17,ACCT-004253,2026-08-17,2026-08-17,refund,-66.56,CAD,completed,Pied Piper Software,TXN-00000850,POS-EAST
TXN-00001481,BATCH-2026-08-17,ACCT-000705,2026-08-16,2026-08-16,adjustment,-17.53,USD,completed,Umbrella Logistics,,POS-WEST
TXN-00001719,BATCH-2026-08-17,ACCT-004599,2026-08-16,2026-08-16,purchase,27.75,USD,completed,Fabrikam Supply,,POS-WEST
TXN-00001108,BATCH-2026-08-17,ACCT-003133,2026-08-16,2026-08-16,purchase,18.39,USD,completed,Umbrella Logistics,,POS-WEST
TXN-00000190,BATCH-2026-08-17,ACCT-001972,2026-08-16,2026-08-16,transfer,-396.56,USD,completed,Globex Corp,,POS-EAST
TXN-00001260,BATCH-2026-08-17,ACCT-000305,2026-08-17,2026-08-17,refund,-19.03,USD,completed,Stark Utilities,TXN-00001623,ACH-BATCH
TXN-00001433,BATCH-2026-08-17,ACCT-004599,2026-08-17,2026-08-17,transfer,4.87,USD,completed,Pied Piper Software,,POS-WEST
TXN-00001228,BATCH-2026-08-17,ACCT-003304,2026-08-16,2026-08-16,purchase,11.32,USD,completed,Stark Utilities,,ACH-BATCH
TXN-00001977,BATCH-2026-08-17,ACCT-002632,2026-08-16,2026-08-16,purchase,19.42,USD,completed,Acme Wholesale,,POS-EAST
TXN-00001466,BATCH-2026-08-17,ACCT-004479,2026-08-17,2026-08-17,purchase,31.08,USD,completed,Northwind Traders,,POS-WEST
TXN-00001392,BATCH-2026-08-17,ACCT-003374,2026-08-17,2026-08-19,purchase,3.05,USD,completed,Umbrella Logistics,,POS-EAST
TXN-00000085,BATCH-2026-08-17,ACCT-002081,2026-08-17,2026-08-17,purchase,29.00,CAD,completed,Stark Utilities,,ONLINE-CHECKOUT
TXN-00000345,BATCH-2026-08-17,ACCT-004130,2026-08-17,2026-08-17,purchase,92.15,USD,completed,Wayne Hardware,,ACH-BATCH
TXN-00001222,BATCH-2026-08-17,ACCT-001620,2026-08-17,2026-08-17,purchase,24.85,USD,completed,Initech Services,,POS-WEST
TXN-00001886,BATCH-2026-08-17,ACCT-001193,2026-08-16,2026-08-16,purchase,23.65,USD,pending,Fabrikam Supply,,POS-WEST
TXN-00000990,BATCH-2026-08-17,ACCT-004830,2026-08-16,2026-08-16,adjustment,23.55,USD,pending,Wonka Confections,,POS-EAST
TXN-00001144,BATCH-2026-08-17,ACCT-004995,2026-08-17,2026-08-18,purchase,38.75,USD,completed,Wayne Hardware,,POS-WEST
TXN-00001240,BATCH-2026-08-17,ACCT-001542,2026-08-16,2026-08-17,refund,0.00,USD,failed,Acme Wholesale,TXN-00000515,POS-EAST
TXN-00001475,BATCH-2026-08-17,ACCT-002410,2026-08-16,2026-08-16,purchase,7.18,USD,pending,Fabrikam Supply,,POS-WEST
TXN-00001036,BATCH-2026-08-17,ACCT-000511,2026-08-17,2026-08-18,purchase,8.54,CAD,completed,Umbrella Logistics,,POS-EAST
TXN-00000088,BATCH-2026-08-17,ACCT-000402,2026-08-16,2026-08-16,purchase,33.92,USD,reversed,Acme Wholesale,,ACH-BATCH
TXN-00000999,BATCH-2026-08-17,ACCT-003970,2026-08-16,2026-08-17,adjustment,14.34,USD,completed,Fabrikam Supply,,ACH-BATCH
TXN-00000885,BATCH-2026-08-17,ACCT-004734,2026-08-16,2026-08-16,purchase,90.08,USD,completed,Wayne Hardware,,POS-WEST
TXN-00001722,BATCH-2026-08-17,ACCT-002759,2026-08-17,2026-08-17,purchase,42.59,USD,completed,Stark Utilities,,POS-WEST
TXN-00001955,BATCH-2026-08-17,ACCT-004447,2026-08-17,2026-08-18,refund,-69.30,USD,completed,Stark Utilities,TXN-00001411,ACH-BATCH
TXN-00001561,BATCH-2026-08-17,ACCT-004410,2026-08-17,2026-08-18,purchase,11.28,CAD,completed,Acme Wholesale,,POS-EAST
TXN-00000110,BATCH-2026-08-17,ACCT-000696,2026-08-16,2026-08-17,purchase,65.92,USD,completed,Northwind Traders,,POS-WEST
TXN-00001844,BATCH-2026-08-17,ACCT-000423,2026-08-17,2026-08-17,purchase,6.52,USD,completed,Northwind Traders,,POS-WEST
TXN-00001039,BATCH-2026-08-17,ACCT-000027,2026-08-16,2026-08-16,purchase,257.34,USD,completed,Initech Services,,ONLINE-CHECKOUT
TXN-00001860,BATCH-2026-08-17,ACCT-002204,2026-08-17,2026-08-17,purchase,68.48,USD,completed,Wonka Confections,,ACH-BATCH
TXN-00001031,BATCH-2026-08-17,ACCT-004571,2026-08-16,2026-08-16,adjustment,-22.82,USD,completed,Wayne Hardware,,ONLINE-CHECKOUT
TXN-00000043,BATCH-2026-08-17,ACCT-004271,2026-08-16,2026-08-16,transfer,277.97,CAD,completed,Stark Utilities,,POS-WEST
TXN-00001741,BATCH-2026-08-17,ACCT-004792,2026-08-16,2026-08-16,purchase,18.27,USD,completed,Hooli Cloud,,ONLINE-CHECKOUT
TXN-00000540,BATCH-2026-08-17,ACCT-003376,2026-08-17,2026-08-17,purchase,38.58,USD,completed,Globex Corp,,POS-WEST
TXN-00000615,BATCH-2026-08-17,ACCT-000173,2026-08-17,2026-08-17,purchase,158.24,USD,completed,Pied Piper Software,,POS-EAST
TXN-00000960,BATCH-2026-08-17,ACCT-000428,2026-08-16,2026-08-17,purchase,55.75,USD,completed,Wayne Hardware,,ACH-BATCH
TXN-00001239,BATCH-2026-08-17,ACCT-003954,2026-08-17,2026-08-18,purchase,5.35,USD,completed,Wonka Confections,,POS-WEST
TXN-00000389,BATCH-2026-08-17,ACCT-002513,2026-08-16,2026-08-16,refund,29.28,USD,completed,Acme Wholesale,TXN-00000927,ONLINE-CHECKOUT
TXN-00000114,BATCH-2026-08-17,ACCT-002902,2026-08-16,2026-08-16,purchase,9.54,USD,completed,Contoso Retail,,ACH-BATCH
TXN-00000410,BATCH-2026-08-17,ACCT-002348,2027-08-16,2026-08-17,fee,22.45,USD,completed,Stark Utilities,,POS-WEST
TXN-00000271,BATCH-2026-08-17,ACCT-001425,2026-08-17,2026-08-19,transfer,20.73,USD,completed,Northwind Traders,,ACH-BATCH
TXN-00000856,BATCH-2026-08-17,ACCT-000266,2026-08-17,2026-08-18,purchase,12.71,USD,completed,Globex Corp,,ONLINE-CHECKOUT
TXN-00001477,BATCH-2026-08-17,ACCT-003960,2026-08-16,2026-08-16,purchase,105.06,USD,completed,Fabrikam Supply,,ONLINE-CHECKOUT
TXN-00000702,BATCH-2026-08-17,ACCT-003125,2026-08-16,2026-08-16,transfer,45.70,USD,completed,Wayne Hardware,,POS-EAST
TXN-00000485,BATCH-2026-08-17,ACCT-002585,2026-08-17,2026-08-18,purchase,7.95,CAD,completed,Wonka Confections,,POS-EAST
TXN-00001480,BATCH-2026-08-17,ACCT-000983,2026-08-16,2026-08-17,purchase,14.46,USD,completed,Pied Piper Software,,POS-EAST
TXN-00000418,BATCH-2026-08-17,ACCT-003527,2026-08-16,2026-08-18,purchase,23.67,USD,completed,Initech Services,,POS-WEST
TXN-00001776,BATCH-2026-08-17,ACCT-003088,2026-08-20,2026-08-17,purchase,81.40,USD,completed,Umbrella Logistics,,ACH-BATCH
TXN-00000424,BATCH-2026-08-17,ACCT-003126,2026-08-16,2026-08-16,purchase,55.41,USD,completed,Northwind Traders,,POS-EAST
TXN-00001230,BATCH-2026-08-17,ACCT-000135,2026-08-17,2026-08-17,purchase,59.12,USD,completed,Wayne Hardware,,ACH-BATCH
TXN-00001453,BATCH-2026-08-17,ACCT-000088,2026-08-16,2026-08-16,purchase,26.44,USD,pending,Globex Corp,,POS-WEST
TXN-00000896,BATCH-2026-08-17,ACCT-001358,2026-08-16,2026-08-16,purchase,73.51,USD,completed,Globex Corp,,ACH-BATCH
TXN-00001418,BATCH-2026-08-17,ACCT-002293,2026-08-17,2026-08-17,refund,-17.78,USD,completed,Initech Services,TXN-00000914,POS-EAST
TXN-00000579,BATCH-2026-08-17,ACCT-002881,2026-08-16,2026-08-16,transfer,-39.63,USD,completed,Fabrikam Supply,,POS-EAST
TXN-00000783,BATCH-2026-08-17,ACCT-002650,2026-08-17,2026-08-18,purchase,26.63,USD,completed,Acme Wholesale,,POS-EAST
TXN-00001846,BATCH-2026-08-17,ACCT-003393,2026-08-17,2026-08-17,purchase,43.17,USD,pending,Hooli Cloud,,POS-WEST
TXN-00000186,BATCH-2026-08-17,ACCT-003471,2026-08-16,2026-08-17,purchase,15.33,USD,completed,Umbrella Logistics,,POS-EAST
TXN-00000693,BATCH-2026-08-17,ACCT-002300,2026-08-17,2026-08-17,purchase,24.17,USD,completed,Stark Utilities,,POS-WEST
TXN-00001430,BATCH-2026-08-17,ACCT-003567,2026-08-17,2026-08-18,adjustment,14.97,USD,completed,Hooli Cloud,,POS-EAST
TXN-00001246,BATCH-2026-08-17,,2026-08-17,2026-08-17,transfer,-11.77,USD,completed,Umbrella Logistics,,ONLINE-CHECKOUT
TXN-00000323,BATCH-2026-08-17,ACCT-000180,2026-08-17,2026-08-17,purchase,36.73,USD,pending,Acme Wholesale,,POS-WEST
TXN-00000659,BATCH-2026-08-17,ACCT-000814,2026-08-17,2026-08-18,transfer,-13.81,USD,completed,Fabrikam Supply,,ONLINE-CHECKOUT
TXN-00000803,BATCH-2026-08-17,ACCT-003751,2026-08-16,2026-08-17,purchase,9.12,CAD,completed,Fabrikam Supply,,ACH-BATCH
TXN-00000311,BATCH-2026-08-17,ACCT-004865,2026-08-17,2026-08-17,purchase,81.03,USD,completed,Acme Wholesale,,ONLINE-CHECKOUT
TXN-00001983,BATCH-2026-08-17,ACCT-002032,2026-08-16,2026-08-16,purchase,54.53,USD,completed,Stark Utilities,,ONLINE-CHECKOUT
TXN-00001107,BATCH-2026-08-17,ACCT-001147,2026-08-16,2026-08-16,purchase,16.48,USD,completed,Stark Utilities,,ONLINE-CHECKOUT
TXN-00001094,BATCH-2026-08-17,ACCT-000100,2026-08-17,2026-08-17,purchase,11.95,USD,completed,Hooli Cloud,,POS-WEST
TXN-00000911,BATCH-2026-08-17,ACCT-001771,2026-08-17,2026-08-17,purchase,24.27,USD,completed,Stark Utilities,,ACH-BATCH
TXN-00001352,BATCH-2026-08-17,ACCT-003235,2026-08-17,2026-08-18,purchase,45.54,USD,completed,Initech Services,,POS-EAST
TXN-00000044,BATCH-2026-08-17,ACCT-001252,2026-08-16,2026-08-16,purchase,10.24,USD,completed,Hooli Cloud,,POS-WEST
TXN-00001524,BATCH-2026-08-17,ACCT-000063,2026-08-17,2026-08-17,purchase,121.97,CAD,completed,Globex Corp,,ONLINE-CHECKOUT
TXN-00001421,BATCH-2026-08-17,ACCT-000838,2026-08-17,2026-08-17,purchase,14.88,USD,completed,Contoso Retail,,POS-EAST
TXN-00001287,BATCH-2026-08-17,ACCT-003538,2026-08-16,2026-08-18,purchase,57.57,USD,completed,Northwind Traders,,ONLINE-CHECKOUT
TXN-00000571,BATCH-2026-08-17,ACCT-003473,2026-08-16,2026-08-17,purchase,47.42,USD,completed,Hooli Cloud,,ACH-BATCH
TXN-00001402,BATCH-2026-08-17,ACCT-001145,2026-08-16,2026-08-16,purchase,22.41,USD,completed,Globex Corp,,POS-EAST
TXN-00000818,BATCH-2026-08-17,ACCT-002044,2026-08-16,2026-08-16,purchase,8.18,USD,completed,Initech Services,,POS-EAST
TXN-00001136,BATCH-2026-08-17,ACCT-001190,2026-08-16,2026-08-17,purchase,9.17,USD,completed,Acme Wholesale,,POS-EAST
TXN-00001115,BATCH-2026-08-17,ACCT-002680,2026-08-16,2026-08-16,transfer,-22.19,EUR,completed,Wonka Confections,,ACH-BATCH
TXN-00001681,BATCH-2026-08-17,ACCT-001444,2026-08-16,2026-08-16,refund,-62.47,CAD,completed,Wayne Hardware,TXN-00000302,ACH-BATCH
TXN-00001875,BATCH-2026-08-17,ACCT-000569,2026-08-16,2026-08-16,fee,8.85,USD,completed,Pied Piper Software,,POS-WEST
TXN-00000762,BATCH-2026-08-17,ACCT-001170,2026-08-17,2026-08-17,purchase,42.68,USD,completed,Initech Services,,POS-WEST
TXN-00001053,BATCH-2026-08-17,ACCT-000041,2026-08-17,2026-08-17,purchase,35.90,USD,completed,Stark Utilities,,POS-WEST
TXN-00000489,BATCH-2026-08-17,ACCT-001174,2026-08-17,2026-08-17,purchase,28.86,CAD,completed,Contoso Retail,,POS-WEST
TXN-00000082,BATCH-2026-08-17,ACCT-004433,2026-08-16,2026-08-18,transfer,139.67,CAD,completed,Northwind Traders,,POS-EAST
TXN-00001498,BATCH-2026-08-17,ACCT-000268,,2026-08-16,purchase,6.28,USD,completed,Umbrella Logistics,,POS-WEST
TXN-00001513,BATCH-2026-08-17,ACCT-000944,2026-08-16,2026-08-18,purchase,24.52,CAD,completed,Fabrikam Supply,,ACH-BATCH
TXN-00001925,BATCH-2026-08-17,ACCT-000474,2026-08-17,2026-08-18,purchase,45.79,USD,completed,Hooli Cloud,,ACH-BATCH
TXN-00001572,BATCH-2026-08-17,ACCT-000971,2026-08-17,2026-08-19,purchase,11.06,USD,completed,Fabrikam Supply,,POS-WEST
TXN-00000329,BATCH-2026-08-17,ACCT-000830,2026-08-16,2026-08-16,purchase,6.71,CAD,completed,Initech Services,,POS-WEST
TXN-00001575,BATCH-2026-08-17,ACCT-004052,2026-08-16,2026-08-16,refund,0.00,USD,failed,Wonka Confections,TXN-00000975,POS-WEST
TXN-00000807,BATCH-2026-08-17,ACCT-000060,2026-08-17,2026-08-17,purchase,183.97,CAD,reversed,Hooli Cloud,,ACH-BATCH
TXN-00000784,BATCH-2026-08-17,ACCT-001719,2026-08-17,2026-08-17,transfer,-20.63,USD,completed,Globex Corp,,POS-WEST
TXN-00001206,BATCH-2026-08-17,ACCT-001070,2026-08-17,2026-08-17,purchase,16.99,USD,completed,Stark Utilities,,ONLINE-CHECKOUT
TXN-00000429,BATCH-2026-08-17,ACCT-001031,2026-08-16,2026-08-18,purchase,108.92,USD,completed,Stark Utilities,,POS-WEST
TXN-00001395,BATCH-2026-08-17,ACCT-002455,2026-08-16,2026-08-16,purchase,54.59,USD,completed,Pied Piper Software,,ACH-BATCH
TXN-00000050,BATCH-2026-08-17,ACCT-000255,2026-08-17,2026-08-18,refund,-85.36,EUR,completed,Globex Corp,TXN-00001942,POS-WEST
TXN-00001976,BATCH-2026-08-17,ACCT-000027,2026-08-16,2026-08-17,purchase,8.67,USD,completed,Acme Wholesale,,ONLINE-CHECKOUT
TXN-00001648,BATCH-2026-08-17,ACCT-003032,2026-08-17,2026-08-18,purchase,49.00,USD,completed,Umbrella Logistics,,POS-WEST
TXN-00000167,BATCH-2026-08-17,ACCT-000219,2026-08-16,2026-08-16,refund,-130.07,USD,completed,Acme Wholesale,TXN-00001500,ACH-BATCH
TXN-00000365,BATCH-2026-08-17,ACCT-004199,2026-08-17,2026-08-17,purchase,16.27,USD,completed,Fabrikam Supply,,POS-WEST
TXN-00000307,BATCH-2026-08-17,ACCT-002119,2026-08-16,2026-08-16,purchase,18.59,USD,completed,Hooli Cloud,,POS-EAST
TXN-00001119,BATCH-2026-08-17,ACCT-001642,2026-08-17,2026-08-17,purchase,59.39,USD,completed,Acme Wholesale,,ONLINE-CHECKOUT
TXN-00001458,BATCH-2026-08-17,ACCT-004826,2026-08-17,2026-08-19,transfer,-142.96,USD,completed,Wonka Confections,,POS-WEST
TXN-00001615,BATCH-2026-08-17,ACCT-000952,2026-08-16,2026-08-16,purchase,37.16,USD,pending,Acme Wholesale,,ONLINE-CHECKOUT
TXN-00001891,BATCH-2026-08-17,ACCT-000150,2026-08-16,2026-08-16,refund,-88.22,USD,completed,Umbrella Logistics,TXN-00000951,POS-EAST
TXN-00001238,BATCH-2026-08-17,ACCT-002263,2026-08-16,2026-08-16,purchase,19.86,USD,completed,Hooli Cloud,,POS-WEST
TXN-00001834,BATCH-2026-08-17,ACCT-000175,2026-08-16,2026-08-16,transfer,-23.91,USD,completed,Pied Piper Software,,ACH-BATCH
TXN-00001559,BATCH-2026-08-17,ACCT-001185,2026-08-16,2026-08-18,refund,-15.03,CAD,completed,Initech Services,TXN-00000298,POS-EAST
TXN-00000038,BATCH-2026-08-17,ACCT-003810,2026-08-17,2026-08-17,purchase,35.08,USD,completed,Stark Utilities,,ACH-BATCH
TXN-00000566,BATCH-2026-08-17,ACCT-002422,2026-08-17,2026-08-17,fee,28.35,USD,completed,Stark Utilities,,ONLINE-CHECKOUT
TXN-00001106,BATCH-2026-08-17,ACCT-002584,2026-08-16,2026-08-16,purchase,8.21,CAD,completed,Stark Utilities,,ONLINE-CHECKOUT
TXN-00000241,BATCH-2026-08-17,ACCT-002280,2026-08-16,2026-08-16,purchase,49.17,USD,completed,Hooli Cloud,,ONLINE-CHECKOUT
TXN-00000639,BATCH-2026-08-17,ACCT-000788,2026-08-16,2026-08-18,purchase,31.48,USD,completed,Umbrella Logistics,,POS-WEST
TXN-00001829,BATCH-2026-08-17,ACCT-002455,2026-08-16,2026-08-17,transfer,-9.20,USD,completed,Wayne Hardware,,ONLINE-CHECKOUT
TXN-00000654,BATCH-2026-08-17,ACCT-000707,2026-08-16,2026-08-17,refund,-31.89,USD,completed,Pied Piper Software,TXN-00000642,ACH-BATCH
TXN-00000638,BATCH-2026-08-17,ACCT-003297,2026-08-16,2026-08-16,purchase,46.99,USD,completed,Initech Services,,POS-WEST
TXN-00001469,BATCH-2026-08-17,ACCT-001467,2026-08-16,2026-08-18,purchase,31.92,USD,completed,Globex Corp,,ACH-BATCH
TXN-00000026,BATCH-2026-08-17,ACCT-000849,2026-08-17,2026-08-18,purchase,84.38,USD,reversed,Fabrikam Supply,,ONLINE-CHECKOUT
TXN-00001641,BATCH-2026-08-17,ACCT-003756,2026-08-16,2026-08-17,purchase,7.25,USD,completed,Wayne Hardware,,POS-WEST
TXN-00001698,BATCH-2026-08-17,ACCT-000857,2026-08-17,2026-08-17,transfer,8.04,CAD,completed,Globex Corp,,POS-EAST
TXN-00001828,BATCH-2026-08-17,ACCT-003377,2026-08-17,2026-08-17,purchase,16.34,USD,completed,Contoso Retail,,POS-EAST
TXN-00000504,BATCH-2026-08-17,ACCT-001045,2026-08-16,2026-08-18,transfer,-34.08,USD,pending,Initech Services,,POS-EAST
TXN-00001204,BATCH-2026-08-17,ACCT-001780,2026-08-16,2026-08-16,purchase,30.00,USD,completed,Umbrella Logistics,,POS-WEST
TXN-00000024,BATCH-2026-08-17,ACCT-000820,2026-08-17,2026-08-17,purchase,37.64,USD,completed,Contoso Retail,,POS-WEST
TXN-00000584,BATCH-2026-08-17,ACCT-001639,2026-08-17,2026-08-17,purchase,35.91,USD,completed,Fabrikam Supply,,ONLINE-CHECKOUT
TXN-00000104,BATCH-2026-08-17,ACCT-003716,2026-08-17,2026-08-17,purchase,68.18,CAD,completed,Wayne Hardware,,ACH-BATCH
TXN-00000006,BATCH-2026-08-17,ACCT-001339,2026-08-17,2026-08-18,purchase,3.76,USD,completed,Stark Utilities,,ACH-BATCH
TXN-00000969,BATCH-2026-08-17,ACCT-001686,2026-08-16,2026-08-16,transfer,60.96,USD,completed,Wayne Hardware,,POS-WEST
TXN-00001682,BATCH-2026-08-17,ACCT-001341,2027-08-16,2026-08-16,purchase,24.24,USD,completed,Pied Piper Software,,POS-EAST
TXN-00001008,BATCH-2026-08-17,ACCT-001626,2026-08-17,2026-08-18,refund,-25.67,USD,completed,Fabrikam Supply,TXN-00001357,ACH-BATCH
TXN-00001325,BATCH-2026-08-17,ACCT-002676,2026-08-16,2026-08-16,purchase,57.63,USD,completed,Initech Services,,ONLINE-CHECKOUT
TXN-00000097,BATCH-2026-08-17,ACCT-000175,2026-08-16,2026-08-16,purchase,0.00,CAD,failed,Northwind Traders,,ONLINE-CHECKOUT
TXN-00000816,BATCH-2026-08-17,ACCT-003186,2026-08-17,2026-08-17,purchase,25.47,USD,completed,Fabrikam Supply,,POS-EAST
TXN-00001888,BATCH-2026-08-17,ACCT-002104,2026-08-16,2026-08-17,adjustment,46.95,USD,completed,Acme Wholesale,,POS-WEST
TXN-00000240,BATCH-2026-08-17,ACCT-002028,2026-08-16,2026-08-16,purchase,6.43,USD,completed,Pied Piper Software,,ACH-BATCH
TXN-00001365,BATCH-2026-08-17,ACCT-000319,2026-08-16,2026-08-16,purchase,27.10,USD,completed,Contoso Retail,,POS-EAST
TXN-00001234,BATCH-2026-08-17,ACCT-003880,2026-08-16,2026-08-17,purchase,59.84,USD,completed,Contoso Retail,,POS-EAST
TXN-00000510,BATCH-2026-08-17,ACCT-001164,2026-08-16,2026-08-16,purchase,22.37,USD,completed,Hooli Cloud,,ONLINE-CHECKOUT
TXN-00000750,BATCH-2026-08-17,ACCT-001985,2026-08-17,2026-08-17,purchase,54.65,USD,completed,Globex Corp,,POS-EAST
TXN-00001371,BATCH-2026-08-17,ACCT-002959,2026-08-17,2026-08-17,purchase,22.94,CAD,completed,Wayne Hardware,,POS-EAST
TXN-00000804,BATCH-2026-08-17,ACCT-001875,2026-08-16,2026-08-18,fee,27.47,USD,completed,Initech Services,,POS-EAST
TXN-00001269,BATCH-2026-08-17,ACCT-002877,2026-08-16,2026-08-16,refund,-46.13,USD,completed,Hooli Cloud,TXN-00000968,ACH-BATCH
TXN-00001640,BATCH-2026-08-17,ACCT-001027,2026-08-17,2026-08-19,purchase,24.65,USD,completed,Hooli Cloud,,POS-WEST
TXN-00001472,BATCH-2026-08-17,ACCT-003266,2026-08-16,2026-08-16,refund,-13.60,USD,completed,Pied Piper Software,TXN-00001667,POS-WEST
TXN-00000556,BATCH-2026-08-17,ACCT-000335,2026-08-16,2026-08-17,refund,-9.52,CAD,completed,Umbrella Logistics,TXN-00001872,ONLINE-CHECKOUT
TXN-00000534,BATCH-2026-08-17,ACCT-004396,2026-08-16,2026-08-17,adjustment,102.03,USD,completed,Fabrikam Supply,,POS-WEST
TXN-00000926,BATCH-2026-08-17,ACCT-002858,2026-08-16,2026-08-18,adjustment,-49.59,USD,completed,Umbrella Logistics,,ACH-BATCH
TXN-00001711,BATCH-2026-08-17,ACCT-002509,2026-08-16,2026-08-16,purchase,94.56,CAD,completed,Initech Services,,ACH-BATCH
TXN-00001834,BATCH-2026-08-17,ACCT-000175,2026-08-16,2026-08-16,transfer,-23.91,USD,completed,Pied Piper Software,,ACH-BATCH
